ID,Name,Age,Photo,Nationality,Flag,Overall,Potential,Club,Club Logo,Value,Wage,Special,Preferred Foot,International Reputation,Weak Foot,Skill Moves,Work Rate,Body Type,Position,Loaned From,Height(cm),Weight(kg),Release Clause,Kit Number
210257,Ederson,28,https://cdn.sofifa.net/players/210/257/23_60.png,Brazil,https://cdn.sofifa.net/flags/br.png,89,91,Manchester City,https://cdn.sofifa.net/teams/10/30.png,88000000,210000,1583,Left,3.0,3.0,1.0,Medium/ Medium,Unique,GK,,188,86,169400000,31.0
167495,M. Neuer,36,https://cdn.sofifa.net/players/167/495/23_60.png,Germany,https://cdn.sofifa.net/flags/de.png,90,90,FC Bayern München,https://cdn.sofifa.net/teams/21/30.png,13500000,72000,1535,Right,5.0,4.0,1.0,Medium/ Medium,Unique,GK,,193,93,22300000,1.0
204935,J. Pickford,28,https://cdn.sofifa.net/players/204/935/23_60.png,England,https://cdn.sofifa.net/flags/gb-eng.png,82,84,Everton,https://cdn.sofifa.net/teams/7/30.png,26000000,45000,1503,Left,3.0,4.0,1.0,Medium/ Medium,Normal (185+),GK,,185,77,51400000,1.0
215698,M. Maignan,26,https://cdn.sofifa.net/players/215/698/23_60.png,France,https://cdn.sofifa.net/flags/fr.png,87,90,AC Milan,https://cdn.sofifa.net/teams/47/30.png,80000000,90000,1496,Right,2.0,4.0,1.0,Medium/ Medium,Normal (185+),GK,,191,89,142000000,16.0
174543,C. Bravo,39,https://cdn.sofifa.net/players/174/543/23_60.png,Chile,https://cdn.sofifa.net/flags/cl.png,78,78,Real Betis Balompié,https://cdn.sofifa.net/teams/449/30.png,1600000,11000,1480,Right,3.0,3.0,1.0,Medium/ Medium,Normal (170-185),GK,,184,80,3400000,1.0
199339,M. Riemann,33,https://cdn.sofifa.net/players/199/339/23_60.png,Germany,https://cdn.sofifa.net/flags/de.png,79,79,VfL Bochum 1848,https://cdn.sofifa.net/teams/160/30.png,5500000,23000,1479,Right,1.0,5.0,1.0,Medium/ Medium,Normal (185+),GK,,186,83,9900000,1.0
202811,E. Martínez,29,https://cdn.sofifa.net/players/202/811/23_60.png,Argentina,https://cdn.sofifa.net/flags/ar.png,84,84,Aston Villa,https://cdn.sofifa.net/teams/2/30.png,29000000,95000,1457,Right,3.0,4.0,1.0,Medium/ Medium,Stocky (185+),GK,,195,88,55100000,1.0
192448,M. ter Stegen,30,https://cdn.sofifa.net/players/192/448/23_60.png,Germany,https://cdn.sofifa.net/flags/de.png,88,89,FC Barcelona,https://cdn.sofifa.net/teams/241/30.png,68500000,210000,1443,Right,4.0,4.0,1.0,Medium/ Medium,Unique,GK,,187,85,145600000,1.0
212831,Alisson,29,https://cdn.sofifa.net/players/212/831/23_60.png,Brazil,https://cdn.sofifa.net/flags/br.png,89,90,Liverpool,https://cdn.sofifa.net/teams/9/30.png,79000000,190000,1437,Right,3.0,3.0,1.0,Medium/ Medium,Unique,GK,,191,91,152100000,1.0
257439,R. Ofori,28,https://cdn.sofifa.net/players/257/439/23_60.png,Ghana,https://cdn.sofifa.net/flags/gh.png,74,77,Orlando Pirates,https://cdn.sofifa.net/teams/110930/30.png,3900000,750,1420,Right,1.0,3.0,1.0,Medium/ Medium,Normal (185+),GK,,185,79,8900000,31.0
193080,De Gea,31,https://cdn.sofifa.net/players/193/080/23_60.png,Spain,https://cdn.sofifa.net/flags/es.png,87,87,Manchester United,https://cdn.sofifa.net/teams/11/30.png,42000000,150000,1415,Right,4.0,3.0,1.0,Medium/ Medium,Unique,GK,,192,76,79800000,1.0
221087,Pau López,27,https://cdn.sofifa.net/players/221/087/23_60.png,Spain,https://cdn.sofifa.net/flags/es.png,79,82,Olympique de Marseille,https://cdn.sofifa.net/teams/219/30.png,17000000,33000,1412,Left,1.0,3.0,1.0,Medium/ Medium,Lean (185+),GK,,189,77,33600000,16.0
222511,E. Unsain,27,https://cdn.sofifa.net/players/222/511/23_60.png,Argentina,https://cdn.sofifa.net/flags/ar.png,75,78,Defensa y Justicia,https://cdn.sofifa.net/teams/111710/30.png,5500000,11000,1407,Right,1.0,3.0,1.0,Medium/ Medium,Normal (185+),GK,,188,83,8700000,22.0
165580,17 Diego Alves,31,https://cdn.sofifa.net/players/165/580/17_60.png,Brazil,https://cdn.sofifa.net/flags/br.png,82,82,Valencia CF,https://cdn.sofifa.net/teams/461/30.png,16000000,30000,1405,Left,3.0,2.0,1.0,Medium/ Medium,Normal (185+),GK,,187,83,0,1.0
200389,J. Oblak,29,https://cdn.sofifa.net/players/200/389/23_60.png,Slovenia,https://cdn.sofifa.net/flags/si.png,89,91,Atlético de Madrid,https://cdn.sofifa.net/teams/240/30.png,85500000,100000,1402,Right,5.0,3.0,1.0,Medium/ Medium,Unique,GK,,188,87,181700000,13.0
167948,H. Lloris,35,https://cdn.sofifa.net/players/167/948/23_60.png,France,https://cdn.sofifa.net/flags/fr.png,87,87,Tottenham Hotspur,https://cdn.sofifa.net/teams/18/30.png,9000000,80000,1399,Left,4.0,1.0,1.0,Medium/ Medium,Unique,GK,,188,82,17100000,1.0
233934,A. Ramsdale,24,https://cdn.sofifa.net/players/233/934/23_60.png,England,https://cdn.sofifa.net/flags/gb-eng.png,82,86,Arsenal,https://cdn.sofifa.net/teams/1/30.png,34500000,62000,1396,Right,1.0,3.0,1.0,Medium/ Medium,Lean (185+),GK,,191,77,68100000,32.0
189690,Guaita,35,https://cdn.sofifa.net/players/189/690/23_60.png,Spain,https://cdn.sofifa.net/flags/es.png,79,79,Crystal Palace,https://cdn.sofifa.net/teams/1799/30.png,1900000,29000,1378,Right,2.0,3.0,1.0,Medium/ Medium,Normal (185+),GK,,190,80,3600000,13.0
230621,G. Donnarumma,23,https://cdn.sofifa.net/players/230/621/23_60.png,Italy,https://cdn.sofifa.net/flags/it.png,88,92,Paris Saint-Germain,https://cdn.sofifa.net/teams/73/30.png,103500000,110000,1375,Right,3.0,3.0,1.0,Medium/ Medium,Unique,GK,,196,90,199200000,99.0
178005,Rui Patrício,34,https://cdn.sofifa.net/players/178/005/23_60.png,Portugal,https://cdn.sofifa.net/flags/pt.png,82,82,Roma,https://cdn.sofifa.net/teams/52/30.png,5000000,59000,1368,Left,3.0,2.0,1.0,Medium/ Medium,Normal (185+),GK,,190,84,8500000,1.0
182494,F. Muslera,36,https://cdn.sofifa.net/players/182/494/23_60.png,Uruguay,https://cdn.sofifa.net/flags/uy.png,79,79,Galatasaray SK,https://cdn.sofifa.net/teams/325/30.png,1900000,34000,1361,Right,3.0,2.0,1.0,Medium/ Medium,Normal (185+),GK,,190,74,3600000,1.0
199005,M. Ryan,30,https://cdn.sofifa.net/players/199/005/23_60.png,Australia,https://cdn.sofifa.net/flags/au.png,78,78,F.C. København,https://cdn.sofifa.net/teams/819/30.png,9500000,20000,1359,Right,1.0,4.0,1.0,Medium/ Medium,Normal (170-185),GK,,184,82,12400000,51.0
177683,Y. Sommer,33,https://cdn.sofifa.net/players/177/683/23_60.png,Switzerland,https://cdn.sofifa.net/flags/ch.png,85,85,Borussia Mönchengladbach,https://cdn.sofifa.net/teams/23/30.png,17500000,40000,1356,Right,3.0,4.0,1.0,Medium/ Medium,Normal (170-185),GK,,183,79,29800000,1.0
220901,David Raya,26,https://cdn.sofifa.net/players/220/901/23_60.png,Spain,https://cdn.sofifa.net/flags/es.png,76,78,Brentford,https://cdn.sofifa.net/teams/1925/30.png,7000000,33000,1354,Right,1.0,3.0,1.0,Medium/ Medium,Normal (170-185),GK,,183,75,13800000,1.0
3813,14 M. Landreau,34,https://cdn.sofifa.net/players/003/813/14_60.png,France,https://cdn.sofifa.net/flags/fr.png,81,81,SC Bastia,https://cdn.sofifa.net/teams/58/30.png,1600000,50000,1345,Right,3.0,4.0,1.0,Medium/ Medium,Normal (170-185),GK,,184,84,0,1.0
224041,M. Schwäbe,27,https://cdn.sofifa.net/players/224/041/23_60.png,Germany,https://cdn.sofifa.net/flags/de.png,77,80,1. FC Köln,https://cdn.sofifa.net/teams/31/30.png,10500000,21000,1344,Right,1.0,3.0,1.0,Medium/ Medium,Normal (185+),GK,,190,86,19700000,20.0
178750,Sergio Asenjo,33,https://cdn.sofifa.net/players/178/750/23_60.png,Spain,https://cdn.sofifa.net/flags/es.png,79,79,Real Valladolid CF,https://cdn.sofifa.net/teams/462/30.png,5500000,21000,1344,Right,2.0,3.0,1.0,Medium/ Medium,Stocky (185+),GK,,189,87,12100000,25.0
163587,K. Schmeichel,35,https://cdn.sofifa.net/players/163/587/23_60.png,Denmark,https://cdn.sofifa.net/flags/dk.png,83,83,OGC Nice,https://cdn.sofifa.net/teams/72/30.png,4000000,31000,1339,Right,2.0,3.0,1.0,Medium/ Medium,Stocky (185+),GK,,189,89,7600000,1.0
212442,José Sá,29,https://cdn.sofifa.net/players/212/442/23_60.png,Portugal,https://cdn.sofifa.net/flags/pt.png,81,82,Wolverhampton Wanderers,https://cdn.sofifa.net/teams/110/30.png,20000000,74000,1337,Right,1.0,2.0,1.0,Medium/ Medium,Normal (185+),GK,,192,84,39500000,1.0
215316,G. Rulli,30,https://cdn.sofifa.net/players/215/316/23_60.png,Argentina,https://cdn.sofifa.net/flags/ar.png,82,82,Villarreal CF,https://cdn.sofifa.net/teams/483/30.png,20500000,34000,1336,Right,3.0,3.0,1.0,Medium/ Medium,Normal (185+),GK,,189,84,43100000,13.0
240784,J. Bursik,21,https://cdn.sofifa.net/players/240/784/23_60.png,England,https://cdn.sofifa.net/flags/gb-eng.png,68,80,Stoke City,https://cdn.sofifa.net/teams/1806/30.png,2600000,6000,1334,Left,1.0,2.0,1.0,Medium/ Medium,Normal (185+),GK,,187,75,5500000,1.0
192119,T. Courtois,30,https://cdn.sofifa.net/players/192/119/23_60.png,Belgium,https://cdn.sofifa.net/flags/be.png,90,91,Real Madrid CF,https://cdn.sofifa.net/teams/243/30.png,90000000,250000,1334,Left,4.0,3.0,1.0,Medium/ Medium,Unique,GK,,199,96,191300000,1.0
212067,22 C. Vargas,32,https://cdn.sofifa.net/players/212/067/22_60.png,Colombia,https://cdn.sofifa.net/flags/co.png,79,79,Club Atlas,https://cdn.sofifa.net/teams/101114/30.png,8500000,14000,1333,Left,1.0,3.0,1.0,Medium/ Medium,Normal (185+),GK,,187,82,14500000,12.0
215086,B. Cortés,27,https://cdn.sofifa.net/players/215/086/23_60.png,Chile,https://cdn.sofifa.net/flags/cl.png,72,74,Colo-Colo,https://cdn.sofifa.net/teams/110980/30.png,2100000,4000,1333,Right,1.0,3.0,1.0,Medium/ Medium,Normal (185+),GK,,185,79,3100000,1.0
253012,L. Morales,22,https://cdn.sofifa.net/players/253/012/23_60.png,Argentina,https://cdn.sofifa.net/flags/ar.png,71,81,Newell's Old Boys,https://cdn.sofifa.net/teams/110396/30.png,3600000,7000,1329,Right,1.0,3.0,1.0,Medium/ Medium,Lean (185+),GK,Club Atlético Lanús,187,76,0,17.0
226300,U. Çakır,26,https://cdn.sofifa.net/players/226/300/23_60.png,Turkey,https://cdn.sofifa.net/flags/tr.png,80,84,Trabzonspor,https://cdn.sofifa.net/teams/436/30.png,22500000,33000,1326,Right,1.0,3.0,1.0,Medium/ Medium,Normal (185+),GK,,191,82,44400000,1.0
234777,Z. Steffen,27,https://cdn.sofifa.net/players/234/777/23_60.png,United States,https://cdn.sofifa.net/flags/us.png,77,79,Middlesbrough,https://cdn.sofifa.net/teams/12/30.png,9500000,73000,1322,Right,1.0,3.0,1.0,Medium/ Medium,Stocky (185+),GK,Manchester City,191,86,0,1.0
241671,D. Livaković,27,https://cdn.sofifa.net/players/241/671/23_60.png,Croatia,https://cdn.sofifa.net/flags/hr.png,80,83,Dinamo Zagreb,https://cdn.sofifa.net/teams/211/30.png,20500000,1000,1319,Right,2.0,2.0,1.0,Medium/ Medium,Normal (185+),GK,,187,79,46600000,40.0
199987,J. Cillessen,33,https://cdn.sofifa.net/players/199/987/23_60.png,Netherlands,https://cdn.sofifa.net/flags/nl.png,80,80,N.E.C. Nijmegen,https://cdn.sofifa.net/teams/1910/30.png,7000000,13000,1319,Right,3.0,3.0,1.0,Medium/ Medium,Normal (185+),GK,,185,83,10200000,22.0
186153,W. Szczęsny,32,https://cdn.sofifa.net/players/186/153/23_60.png,Poland,https://cdn.sofifa.net/flags/pl.png,86,86,Juventus,https://cdn.sofifa.net/teams/45/30.png,33500000,125000,1314,Right,3.0,3.0,1.0,Medium/ Medium,Lean (185+),GK,,195,90,57000000,1.0
230869,Unai Simón,25,https://cdn.sofifa.net/players/230/869/23_60.png,Spain,https://cdn.sofifa.net/flags/es.png,83,86,Athletic Club de Bilbao,https://cdn.sofifa.net/teams/448/30.png,37000000,30000,1311,Right,3.0,3.0,1.0,Medium/ Medium,Normal (185+),GK,,190,89,80500000,1.0
205530,M. Pigliacelli,29,https://cdn.sofifa.net/players/205/530/23_60.png,Italy,https://cdn.sofifa.net/flags/it.png,72,72,Palermo,https://cdn.sofifa.net/teams/1843/30.png,1600000,3000,1310,Right,1.0,3.0,1.0,Medium/ Medium,Stocky (170-185),GK,,184,83,2500000,22.0
185122,P. Gulácsi,32,https://cdn.sofifa.net/players/185/122/23_60.png,Hungary,https://cdn.sofifa.net/flags/hu.png,85,85,RB Leipzig,https://cdn.sofifa.net/teams/112172/30.png,26500000,65000,1305,Right,3.0,2.0,1.0,Medium/ Medium,Normal (185+),GK,,191,86,45100000,1.0
173426,S. Mignolet,34,https://cdn.sofifa.net/players/173/426/23_60.png,Belgium,https://cdn.sofifa.net/flags/be.png,80,80,Club Brugge KV,https://cdn.sofifa.net/teams/231/30.png,3600000,24000,1304,Right,3.0,3.0,1.0,Medium/ Medium,Normal (185+),GK,,193,87,5000000,22.0
227275,A. Rossi,26,https://cdn.sofifa.net/players/227/275/23_60.png,Argentina,https://cdn.sofifa.net/flags/ar.png,79,83,Boca Juniors,https://cdn.sofifa.net/teams/1877/30.png,19000000,16000,1303,Right,1.0,2.0,1.0,Medium/ Medium,Normal (185+),GK,,195,95,28000000,1.0
192984,K. Casteels,30,https://cdn.sofifa.net/players/192/984/23_60.png,Belgium,https://cdn.sofifa.net/flags/be.png,84,85,VfL Wolfsburg,https://cdn.sofifa.net/teams/175/30.png,31500000,55000,1301,Left,3.0,2.0,1.0,Medium/ Medium,Normal (185+),GK,,197,86,55900000,1.0
204308,H. Van Crombrugge,29,https://cdn.sofifa.net/players/204/308/23_60.png,Belgium,https://cdn.sofifa.net/flags/be.png,76,78,RSC Anderlecht,https://cdn.sofifa.net/teams/229/30.png,6000000,18000,1301,Left,1.0,2.0,1.0,Medium/ Medium,Normal (185+),GK,,187,86,9500000,30.0
233306,D. Henderson,25,https://cdn.sofifa.net/players/233/306/23_60.png,England,https://cdn.sofifa.net/flags/gb-eng.png,79,82,Nottingham Forest,https://cdn.sofifa.net/teams/14/30.png,18000000,76000,1298,Right,2.0,3.0,1.0,Medium/ Medium,Normal (185+),GK,Manchester United,188,85,0,1.0
230182,Lucas Mantela,22,https://cdn.sofifa.net/players/230/182/23_60.png,Brazil,https://cdn.sofifa.net/flags/br.png,82,82,Palmeiras,https://cdn.sofifa.net/teams/383/30.png,27000000,33000,1297,Right,1.0,3.0,1.0,Medium/ Medium,Normal (170-185),GK,,183,77,48600000,1.0
227127,Álex Remiro,27,https://cdn.sofifa.net/players/227/127/23_60.png,Spain,https://cdn.sofifa.net/flags/es.png,82,84,Real Sociedad,https://cdn.sofifa.net/teams/457/30.png,28000000,34000,1296,Right,1.0,4.0,1.0,Medium/ Medium,Lean (185+),GK,,192,79,60900000,1.0
150724,J. Hart,35,https://cdn.sofifa.net/players/150/724/23_60.png,England,https://cdn.sofifa.net/flags/gb-eng.png,76,76,Celtic,https://cdn.sofifa.net/teams/78/30.png,825000,23000,1293,Right,2.0,3.0,1.0,Medium/ Medium,Normal (185+),GK,,196,91,1500000,1.0
209960,Pacheco,30,https://cdn.sofifa.net/players/209/960/23_60.png,Spain,https://cdn.sofifa.net/flags/es.png,78,79,Deportivo Alavés,https://cdn.sofifa.net/teams/463/30.png,10500000,11000,1290,Left,1.0,2.0,1.0,Medium/ Medium,Normal (185+),GK,,186,81,17600000,1.0
162328,R. Pasveer,38,https://cdn.sofifa.net/players/162/328/23_60.png,Netherlands,https://cdn.sofifa.net/flags/nl.png,75,75,Ajax,https://cdn.sofifa.net/teams/245/30.png,625000,8000,1289,Right,1.0,4.0,1.0,Medium/ Medium,Normal (185+),GK,,187,88,875000,22.0
203841,N. Pope,30,https://cdn.sofifa.net/players/203/841/23_60.png,England,https://cdn.sofifa.net/flags/gb-eng.png,81,81,Newcastle United,https://cdn.sofifa.net/teams/13/30.png,17000000,75000,1286,Right,1.0,3.0,1.0,Medium/ Medium,Lean (185+),GK,,199,76,32299999,22.0
184167,A. Moris,32,https://cdn.sofifa.net/players/184/167/23_60.png,Luxembourg,https://cdn.sofifa.net/flags/lu.png,74,74,Royale Union Saint-Gilloise,https://cdn.sofifa.net/teams/2014/30.png,2100000,11000,1286,Left,1.0,3.0,1.0,Medium/ Medium,Normal (185+),GK,,186,79,3200000,49.0
215223,W. Benítez,29,https://cdn.sofifa.net/players/215/223/23_60.png,Argentina,https://cdn.sofifa.net/flags/ar.png,80,82,PSV,https://cdn.sofifa.net/teams/247/30.png,17500000,19000,1281,Right,2.0,2.0,1.0,Medium/ Medium,Normal (185+),GK,,191,93,25800000,1.0
228505,P. Pentz,25,https://cdn.sofifa.net/players/228/505/23_60.png,Austria,https://cdn.sofifa.net/flags/at.png,73,78,Stade de Reims,https://cdn.sofifa.net/teams/379/30.png,3600000,13000,1279,Left,1.0,4.0,1.0,Medium/ Medium,Normal (170-185),GK,,182,81,7500000,16.0
223952,David Soria,29,https://cdn.sofifa.net/players/223/952/23_60.png,Spain,https://cdn.sofifa.net/flags/es.png,82,82,Getafe CF,https://cdn.sofifa.net/teams/1860/30.png,21000000,32000,1279,Right,1.0,3.0,1.0,Medium/ Medium,Lean (185+),GK,,192,85,44100000,13.0
163705,S. Mandanda,37,https://cdn.sofifa.net/players/163/705/23_60.png,France,https://cdn.sofifa.net/flags/fr.png,79,79,Stade Rennais FC,https://cdn.sofifa.net/teams/74/30.png,1900000,25000,1278,Right,3.0,2.0,1.0,Medium/ Medium,Normal (185+),GK,,185,82,3600000,30.0
205849,22 E. Andrada,30,https://cdn.sofifa.net/players/205/849/22_60.png,Argentina,https://cdn.sofifa.net/flags/ar.png,79,79,CF Monterrey ,https://cdn.sofifa.net/teams/1032/30.png,11500000,41000,1277,Right,1.0,3.0,1.0,Medium/ Medium,Lean (185+),GK,,194,80,18400000,1.0
206003,Y. Mvogo,28,https://cdn.sofifa.net/players/206/003/23_60.png,Switzerland,https://cdn.sofifa.net/flags/ch.png,75,78,FC Lorient,https://cdn.sofifa.net/teams/217/30.png,5000000,15000,1274,Right,1.0,3.0,1.0,Medium/ Medium,Stocky (185+),GK,,189,93,10400000,38.0
193698,O. Baumann,32,https://cdn.sofifa.net/players/193/698/23_60.png,Germany,https://cdn.sofifa.net/flags/de.png,83,83,TSG Hoffenheim,https://cdn.sofifa.net/teams/10029/30.png,18000000,40000,1267,Right,2.0,1.0,1.0,Medium/ Medium,Normal (185+),GK,,187,82,30600000,1.0
162835,S. Handanovič,37,https://cdn.sofifa.net/players/162/835/23_60.png,Slovenia,https://cdn.sofifa.net/flags/si.png,84,84,Inter,https://cdn.sofifa.net/teams/44/30.png,4700000,46000,1265,Right,3.0,3.0,1.0,Medium/ Medium,Unique,GK,,193,92,7800000,1.0
222389,N. Haikin,26,https://cdn.sofifa.net/players/222/389/23_60.png,Russia,https://cdn.sofifa.net/flags/ru.png,71,74,FK Bodø/Glimt,https://cdn.sofifa.net/teams/918/30.png,1900000,3000,1265,Right,1.0,2.0,1.0,Medium/ Medium,Lean (185+),GK,,185,68,2500000,12.0
230204,Héniton Pires,26,https://cdn.sofifa.net/players/230/204/23_60.png,Brazil,https://cdn.sofifa.net/flags/br.png,80,80,Flamengo,https://cdn.sofifa.net/teams/1043/30.png,16500000,35000,1264,Right,1.0,3.0,1.0,Medium/ Medium,Normal (170-185),GK,,182,74,29700000,1.0
209981,Y. Bounou,31,https://cdn.sofifa.net/players/209/981/23_60.png,Morocco,https://cdn.sofifa.net/flags/ma.png,84,84,Sevilla FC,https://cdn.sofifa.net/teams/481/30.png,22500000,34000,1262,Left,1.0,2.0,1.0,Medium/ Medium,Lean (185+),GK,,192,78,47300000,13.0
231691,A. Lafont,23,https://cdn.sofifa.net/players/231/691/23_60.png,France,https://cdn.sofifa.net/flags/fr.png,80,85,FC Nantes,https://cdn.sofifa.net/teams/71/30.png,25500000,21000,1259,Right,2.0,3.0,1.0,Medium/ Medium,Lean (185+),GK,,196,90,52900000,1.0
189084,E. Room,33,https://cdn.sofifa.net/players/189/084/23_60.png,Curacao,https://cdn.sofifa.net/flags/cw.png,73,73,Columbus Crew,https://cdn.sofifa.net/teams/687/30.png,1000000,6000,1258,Right,1.0,3.0,1.0,Medium/ Medium,Lean (185+),GK,,188,81,1500000,1.0
211990,O. Vlachodimos,28,https://cdn.sofifa.net/players/211/990/23_60.png,Greece,https://cdn.sofifa.net/flags/gr.png,81,83,SL Benfica,https://cdn.sofifa.net/teams/234/30.png,22000000,15000,1258,Right,1.0,3.0,1.0,Medium/ Medium,Lean (185+),GK,,190,81,45700000,99.0
1179,G. Buffon,44,https://cdn.sofifa.net/players/001/179/23_60.png,Italy,https://cdn.sofifa.net/flags/it.png,79,79,Parma,https://cdn.sofifa.net/teams/50/30.png,1900000,3000,1258,Right,4.0,2.0,1.0,Medium/ Medium,Normal (185+),GK,,192,92,3000000,1.0
163155,22 B. Foster,38,https://cdn.sofifa.net/players/163/155/22_60.png,England,https://cdn.sofifa.net/flags/gb-eng.png,77,77,Watford,https://cdn.sofifa.net/teams/1795/30.png,1200000,25000,1253,Left,2.0,3.0,1.0,Medium/ Medium,Normal (185+),GK,,193,90,2400000,1.0
235073,G. Kobel,24,https://cdn.sofifa.net/players/235/073/23_60.png,Switzerland,https://cdn.sofifa.net/flags/ch.png,83,88,Borussia Dortmund,https://cdn.sofifa.net/teams/22/30.png,44000000,40000,1251,Right,1.0,3.0,1.0,Medium/ Medium,Normal (185+),GK,,195,88,78100000,1.0
234999,Jean,26,https://cdn.sofifa.net/players/234/999/23_60.png,Brazil,https://cdn.sofifa.net/flags/br.png,75,78,Club Cerro Porteño,https://cdn.sofifa.net/teams/112716/30.png,5500000,750,1251,Left,1.0,2.0,1.0,Medium/ Medium,Normal (185+),GK,,188,97,12500000,13.0
208104,Matheus,29,https://cdn.sofifa.net/players/208/104/23_60.png,Brazil,https://cdn.sofifa.net/flags/br.png,79,80,SC Braga,https://cdn.sofifa.net/teams/1896/30.png,13500000,15000,1248,Right,1.0,3.0,1.0,Medium/ Medium,Normal (185+),GK,,190,84,28000000,1.0
269769,T. Zoreaux,28,https://cdn.sofifa.net/players/269/769/23_60.png,Canada,https://cdn.sofifa.net/flags/ca.png,76,77,AFC Richmond,https://cdn.sofifa.net/teams/116418/30.png,6000000,35000,1246,Right,1.0,2.0,1.0,Medium/ Medium,Normal (185+),GK,,188,86,11900000,81.0
224599,Yan Junling,31,https://cdn.sofifa.net/players/224/599/23_60.png,China PR,https://cdn.sofifa.net/flags/cn.png,73,73,Shanghai Port FC,https://cdn.sofifa.net/teams/112540/30.png,1600000,12000,1243,Right,1.0,1.0,1.0,Medium/ Medium,Normal (185+),GK,,191,83,2500000,1.0
235027,L. Southwood,24,https://cdn.sofifa.net/players/235/027/23_60.png,Northern Ireland,https://cdn.sofifa.net/flags/gb-nir.png,68,74,Cheltenham Town,https://cdn.sofifa.net/teams/1936/30.png,1500000,5000,1242,Right,1.0,3.0,1.0,Medium/ Medium,Lean (185+),GK,Reading,185,72,0,1.0
211515,P. Gollini,27,https://cdn.sofifa.net/players/211/515/23_60.png,Italy,https://cdn.sofifa.net/flags/it.png,78,81,Fiorentina,https://cdn.sofifa.net/teams/110374/30.png,14000000,36000,1238,Right,2.0,2.0,1.0,Medium/ Medium,Normal (185+),GK,Atalanta,194,94,0,95.0
232229,J. Bijlow,24,https://cdn.sofifa.net/players/232/229/23_60.png,Netherlands,https://cdn.sofifa.net/flags/nl.png,79,85,Feyenoord,https://cdn.sofifa.net/teams/246/30.png,22500000,9000,1236,Right,2.0,2.0,1.0,Medium/ Medium,Normal (185+),GK,,188,76,38300000,1.0
211264,G. Servio,30,https://cdn.sofifa.net/players/211/264/23_60.png,Argentina,https://cdn.sofifa.net/flags/ar.png,70,70,Rosario Central,https://cdn.sofifa.net/teams/110580/30.png,1100000,7000,1234,Right,1.0,2.0,1.0,Medium/ Medium,Normal (185+),GK,,185,86,1700000,23.0
190745,M. Silvestri,31,https://cdn.sofifa.net/players/190/745/23_60.png,Italy,https://cdn.sofifa.net/flags/it.png,79,79,Udinese Calcio,https://cdn.sofifa.net/teams/55/30.png,9500000,16000,1232,Right,1.0,3.0,1.0,Medium/ Medium,Normal (185+),GK,,191,80,16200000,1.0
188400,T. Kaminski,29,https://cdn.sofifa.net/players/188/400/23_60.png,Belgium,https://cdn.sofifa.net/flags/be.png,73,74,Blackburn Rovers,https://cdn.sofifa.net/teams/3/30.png,2300000,27000,1231,Right,1.0,3.0,1.0,Medium/ Medium,Lean (185+),GK,,188,70,4500000,1.0
193152,22 Herrerín,33,https://cdn.sofifa.net/players/193/152/22_60.png,Spain,https://cdn.sofifa.net/flags/es.png,75,75,Al Raed,https://cdn.sofifa.net/teams/112392/30.png,1800000,15000,1230,Right,1.0,3.0,1.0,Medium/ Medium,Stocky (185+),GK,,187,89,3000000,99.0
207935,22 M. Dituro,34,https://cdn.sofifa.net/players/207/935/22_60.png,Argentina,https://cdn.sofifa.net/flags/ar.png,78,78,RC Celta de Vigo,https://cdn.sofifa.net/teams/450/30.png,2400000,19000,1227,Right,1.0,3.0,1.0,Medium/ Medium,Normal (185+),GK,,191,86,5000000,1.0
190243,M. Hitz,34,https://cdn.sofifa.net/players/190/243/23_60.png,Switzerland,https://cdn.sofifa.net/flags/ch.png,78,78,FC Basel 1893,https://cdn.sofifa.net/teams/896/30.png,2400000,17000,1226,Right,2.0,3.0,1.0,Medium/ Medium,Normal (185+),GK,,194,91,3600000,1.0
234642,É. Mendy,30,https://cdn.sofifa.net/players/234/642/23_60.png,Senegal,https://cdn.sofifa.net/flags/sn.png,86,87,Chelsea,https://cdn.sofifa.net/teams/5/30.png,51000000,130000,1225,Right,2.0,2.0,1.0,Medium/ Medium,Lean (185+),GK,,197,86,98200000,16.0
211738,M. Flekken,29,https://cdn.sofifa.net/players/211/738/23_60.png,Netherlands,https://cdn.sofifa.net/flags/nl.png,80,81,Sport-Club Freiburg,https://cdn.sofifa.net/teams/25/30.png,16000000,28000,1224,Right,1.0,4.0,1.0,Medium/ Medium,Normal (185+),GK,,195,87,28400000,26.0
209532,D. Bachmann,27,https://cdn.sofifa.net/players/209/532/23_60.png,Austria,https://cdn.sofifa.net/flags/at.png,72,72,Watford,https://cdn.sofifa.net/teams/1795/30.png,1800000,22000,1223,Right,1.0,3.0,1.0,Medium/ Medium,Normal (185+),GK,,191,81,3400000,13.0
214979,J. Musso,28,https://cdn.sofifa.net/players/214/979/23_60.png,Argentina,https://cdn.sofifa.net/flags/ar.png,81,82,Atalanta,https://cdn.sofifa.net/teams/39/30.png,20500000,47000,1222,Right,1.0,3.0,1.0,Medium/ Medium,Normal (185+),GK,,191,93,36400000,1.0
16254,20 T. Howard,40,https://cdn.sofifa.net/players/016/254/20_60.png,United States,https://cdn.sofifa.net/flags/us.png,71,71,Colorado Rapids,https://cdn.sofifa.net/teams/694/30.png,240000,2000,1221,Right,3.0,3.0,1.0,Medium/ Medium,Normal (185+),GK,,191,88,348000,1.0
204883,B. Samba,28,https://cdn.sofifa.net/players/204/883/23_60.png,Congo,https://cdn.sofifa.net/flags/cg.png,74,77,Racing Club de Lens,https://cdn.sofifa.net/teams/64/30.png,3900000,21000,1220,Left,1.0,3.0,1.0,Medium/ Medium,Normal (185+),GK,,186,79,7700000,30.0
242656,I. Meslier,22,https://cdn.sofifa.net/players/242/656/23_60.png,France,https://cdn.sofifa.net/flags/fr.png,77,84,Leeds United,https://cdn.sofifa.net/teams/8/30.png,18500000,25000,1219,Left,1.0,3.0,1.0,Medium/ Medium,Lean (185+),GK,,196,74,38900000,1.0
219754,Bruno Varela,27,https://cdn.sofifa.net/players/219/754/23_60.png,Portugal,https://cdn.sofifa.net/flags/pt.png,74,76,Vitória de Guimarães,https://cdn.sofifa.net/teams/1887/30.png,3900000,8000,1218,Right,1.0,2.0,1.0,Medium/ Medium,Normal (185+),GK,,191,88,8500000,14.0
253338,A. Pabón,26,https://cdn.sofifa.net/players/253/338/23_60.png,Ecuador,https://cdn.sofifa.net/flags/ec.png,67,70,Mushuc Runa,https://cdn.sofifa.net/teams/114615/30.png,1000000,500,1218,Right,1.0,2.0,1.0,Medium/ Medium,Normal (185+),GK,,185,80,2200000,29.0
253847,22 W. Aguerre,28,https://cdn.sofifa.net/players/253/847/22_60.png,Uruguay,https://cdn.sofifa.net/flags/uy.png,72,74,Gallos Blancos de Querétaro,https://cdn.sofifa.net/teams/110150/30.png,2000000,7000,1214,Right,1.0,1.0,1.0,Medium/ Medium,Normal (185+),GK,,188,90,3600000,1.0
223885,A. Nübel,25,https://cdn.sofifa.net/players/223/885/23_60.png,Germany,https://cdn.sofifa.net/flags/de.png,78,84,AS Monaco,https://cdn.sofifa.net/teams/69/30.png,17500000,39000,1212,Right,1.0,5.0,1.0,Medium/ Medium,Normal (185+),GK,FC Bayern München,193,88,0,16.0
223690,S. Rochet,29,https://cdn.sofifa.net/players/223/690/23_60.png,Uruguay,https://cdn.sofifa.net/flags/uy.png,78,80,Club Nacional de Football,https://cdn.sofifa.net/teams/111325/30.png,11500000,850,1211,Right,1.0,3.0,1.0,Medium/ Medium,Normal (185+),GK,,190,85,26200000,1.0
166764,T. Carson,34,https://cdn.sofifa.net/players/166/764/23_60.png,Northern Ireland,https://cdn.sofifa.net/flags/gb-nir.png,65,65,St. Mirren,https://cdn.sofifa.net/teams/100805/30.png,120000,2000,1211,Right,1.0,3.0,1.0,Medium/ Medium,Stocky (170-185),GK,,182,80,210000,1.0
253329,22 C. Espinoza,32,https://cdn.sofifa.net/players/253/329/22_60.png,Ecuador,https://cdn.sofifa.net/flags/ec.png,63,63,Club Social y Deportivo Macará,https://cdn.sofifa.net/teams/114578/30.png,240000,500,1211,Right,1.0,2.0,1.0,Medium/ Medium,Stocky (170-185),GK,,183,77,516000,25.0
225116,A. Meret,25,https://cdn.sofifa.net/players/225/116/23_60.png,Italy,https://cdn.sofifa.net/flags/it.png,78,81,Napoli,https://cdn.sofifa.net/teams/48/30.png,14500000,36000,1210,Left,2.0,3.0,1.0,Medium/ Medium,Lean (185+),GK,,190,83,25700000,1.0
197928,J. Bond,29,https://cdn.sofifa.net/players/197/928/23_60.png,England,https://cdn.sofifa.net/flags/gb-eng.png,68,70,LA Galaxy,https://cdn.sofifa.net/teams/697/30.png,1000000,3000,1209,Right,1.0,2.0,1.0,Medium/ Medium,Lean (185+),GK,,193,84,1600000,1.0
203423,L. Thomas,30,https://cdn.sofifa.net/players/203/423/23_60.png,Australia,https://cdn.sofifa.net/flags/au.png,69,69,Western Sydney Wanderers,https://cdn.sofifa.net/teams/112427/30.png,925000,4000,1208,Right,1.0,2.0,1.0,Medium/ Medium,Normal (185+),GK,,191,91,1200000,20.0
224251,R. Zentner,27,https://cdn.sofifa.net/players/224/251/23_60.png,Germany,https://cdn.sofifa.net/flags/de.png,76,78,1. FSV Mainz 05,https://cdn.sofifa.net/teams/169/30.png,7000000,20000,1207,Right,1.0,3.0,1.0,Medium/ Medium,Stocky (185+),GK,,194,96,12400000,27.0
146748,Diego López,40,https://cdn.sofifa.net/players/146/748/23_60.png,Spain,https://cdn.sofifa.net/flags/es.png,79,79,Rayo Vallecano,https://cdn.sofifa.net/teams/480/30.png,1900000,11000,1206,Right,3.0,3.0,1.0,Medium/ Medium,Lean (185+),GK,,196,89,4000000,1.0
216939,A. Blake,31,https://cdn.sofifa.net/players/216/939/23_60.png,Jamaica,https://cdn.sofifa.net/flags/jm.png,77,77,Philadelphia Union,https://cdn.sofifa.net/teams/112134/30.png,5500000,7000,1206,Right,2.0,2.0,1.0,Medium/ Medium,Normal (185+),GK,,188,79,8300000,18.0
186555,16 Weverton,27,https://cdn.sofifa.net/players/186/555/16_60.png,Brazil,https://cdn.sofifa.net/flags/br.png,77,77,Club Athletico Paranaense,https://cdn.sofifa.net/teams/1039/30.png,5500000,60000,1205,Right,1.0,3.0,1.0,Medium/ Medium,Normal (185+),GK,,189,89,0,12.0
215363,L. Montipò,26,https://cdn.sofifa.net/players/215/363/23_60.png,Italy,https://cdn.sofifa.net/flags/it.png,76,80,Hellas Verona,https://cdn.sofifa.net/teams/206/30.png,8000000,20000,1205,Right,1.0,3.0,1.0,Medium/ Medium,Normal (185+),GK,,191,82,14200000,1.0
165455,14 D. Quigley,27,https://cdn.sofifa.net/players/165/455/14_60.png,Republic of Ireland,https://cdn.sofifa.net/flags/ie.png,55,62,Bray Wanderers,https://cdn.sofifa.net/teams/838/30.png,30000,1000,1203,Right,1.0,2.0,1.0,Medium/ Medium,Normal (185+),GK,,186,78,0,1.0
176550,D. Ospina,33,https://cdn.sofifa.net/players/176/550/23_60.png,Colombia,https://cdn.sofifa.net/flags/co.png,80,80,Al Nassr,https://cdn.sofifa.net/teams/112139/30.png,7000000,36000,1203,Right,2.0,3.0,1.0,Medium/ Medium,Normal (170-185),GK,,183,80,11900000,41.0
205878,S. Kapino,28,https://cdn.sofifa.net/players/205/878/23_60.png,Greece,https://cdn.sofifa.net/flags/gr.png,72,74,DSC Arminia Bielefeld,https://cdn.sofifa.net/teams/159/30.png,2000000,11000,1202,Right,1.0,2.0,1.0,Medium/ Medium,Normal (185+),GK,,196,88,3400000,1.0
225282,J. Devecchi,26,https://cdn.sofifa.net/players/225/282/23_60.png,Argentina,https://cdn.sofifa.net/flags/ar.png,74,77,Club Atlético Aldosivi,https://cdn.sofifa.net/teams/111707/30.png,4200000,10000,1202,Right,1.0,2.0,1.0,Medium/ Medium,Normal (185+),GK,San Lorenzo de Almagro,188,83,0,25.0
155871,B. Białkowski,34,https://cdn.sofifa.net/players/155/871/23_60.png,Poland,https://cdn.sofifa.net/flags/pl.png,71,71,Millwall,https://cdn.sofifa.net/teams/97/30.png,325000,8000,1201,Right,1.0,3.0,1.0,Medium/ Medium,Normal (185+),GK,,194,86,618000,33.0
222951,M. Rodák,25,https://cdn.sofifa.net/players/222/951/23_60.png,Slovakia,https://cdn.sofifa.net/flags/sk.png,75,80,Fulham,https://cdn.sofifa.net/teams/144/30.png,6500000,34000,1200,Right,1.0,3.0,1.0,Medium/ Medium,Normal (185+),GK,,194,81,12800000,1.0
214373,22 A. Silva,37,https://cdn.sofifa.net/players/214/373/22_60.png,Paraguay,https://cdn.sofifa.net/flags/py.png,76,76,Puebla FC,https://cdn.sofifa.net/teams/110152/30.png,825000,5000,1199,Right,1.0,3.0,1.0,Medium/ Medium,Normal (185+),GK,,190,92,1400000,1.0
163489,A. Consigli,35,https://cdn.sofifa.net/players/163/489/23_60.png,Italy,https://cdn.sofifa.net/flags/it.png,80,80,U.S. Sassuolo Calcio,https://cdn.sofifa.net/teams/111974/30.png,2300000,20000,1198,Right,2.0,3.0,1.0,Medium/ Medium,Lean (185+),GK,,189,82,3900000,47.0
267736,L. Healy,22,https://cdn.sofifa.net/players/267/736/23_60.png,Republic of Ireland,https://cdn.sofifa.net/flags/ie.png,54,60,UCD AFC,https://cdn.sofifa.net/teams/111132/30.png,140000,500,1198,Right,1.0,2.0,1.0,Medium/ Medium,Normal (170-185),GK,,180,80,245000,1.0
190941,L. Hrádecký,32,https://cdn.sofifa.net/players/190/941/23_60.png,Finland,https://cdn.sofifa.net/flags/fi.png,83,83,Bayer 04 Leverkusen,https://cdn.sofifa.net/teams/32/30.png,18000000,55000,1195,Right,3.0,3.0,1.0,Medium/ Medium,Normal (185+),GK,,192,83,30600000,1.0
246158,M. Hermansen,21,https://cdn.sofifa.net/players/246/158/23_60.png,Denmark,https://cdn.sofifa.net/flags/dk.png,71,80,Brøndby IF,https://cdn.sofifa.net/teams/269/30.png,3600000,5000,1194,Right,1.0,2.0,1.0,Medium/ Medium,Normal (185+),GK,,185,81,5200000,1.0
200696,H. Verhulst,29,https://cdn.sofifa.net/players/200/696/23_60.png,Netherlands,https://cdn.sofifa.net/flags/nl.png,68,70,AZ Alkmaar,https://cdn.sofifa.net/teams/1906/30.png,1000000,4000,1194,Left,1.0,3.0,1.0,Medium/ Medium,Stocky (185+),GK,,193,92,1600000,12.0
19541,G. Morris,38,https://cdn.sofifa.net/players/019/541/23_60.png,England,https://cdn.sofifa.net/flags/gb-eng.png,63,63,Gillingham,https://cdn.sofifa.net/teams/1802/30.png,50000,2000,1192,Right,1.0,3.0,1.0,Medium/ Medium,Normal (170-185),GK,Crawley Town,183,70,0,1.0
230312,Gabri Prestão,30,https://cdn.sofifa.net/players/230/312/23_60.png,Brazil,https://cdn.sofifa.net/flags/br.png,79,79,Internacional,https://cdn.sofifa.net/teams/1048/30.png,11500000,25000,1191,Right,1.0,3.0,1.0,Medium/ Medium,Normal (185+),GK,,186,80,21900000,16.0
237525,A. Bodart,24,https://cdn.sofifa.net/players/237/525/23_60.png,Belgium,https://cdn.sofifa.net/flags/be.png,71,76,Standard de Liège,https://cdn.sofifa.net/teams/232/30.png,2300000,7000,1191,Right,1.0,2.0,1.0,Medium/ Medium,Normal (185+),GK,,186,81,3600000,16.0
204380,J. Brinkies,29,https://cdn.sofifa.net/players/204/380/23_60.png,Germany,https://cdn.sofifa.net/flags/de.png,68,70,FSV Zwickau,https://cdn.sofifa.net/teams/110592/30.png,1000000,1000,1190,Right,1.0,5.0,1.0,Medium/ Medium,Stocky (185+),GK,,188,87,1500000,1.0
110638,21 Cifuentes,41,https://cdn.sofifa.net/players/110/638/21_60.png,Spain,https://cdn.sofifa.net/flags/es.png,73,73,Cádiz CF,https://cdn.sofifa.net/teams/1968/30.png,350000,10000,1190,Right,1.0,3.0,1.0,Medium/ Medium,Lean (185+),GK,,189,80,880000,1.0
251165,T. Savin,21,https://cdn.sofifa.net/players/251/165/23_60.png,England,https://cdn.sofifa.net/flags/gb-eng.png,64,75,Accrington Stanley,https://cdn.sofifa.net/teams/110313/30.png,1100000,750,1190,Right,1.0,3.0,1.0,Medium/ Medium,Lean (185+),GK,,194,84,2100000,40.0
225543,B. Collins,25,https://cdn.sofifa.net/players/225/543/23_60.png,England,https://cdn.sofifa.net/flags/gb-eng.png,69,74,Barnsley,https://cdn.sofifa.net/teams/1932/30.png,1600000,5000,1190,Right,1.0,2.0,1.0,Medium/ Medium,Normal (170-185),GK,,184,69,2900000,40.0
183567,E. Mulder,33,https://cdn.sofifa.net/players/183/567/23_60.png,Netherlands,https://cdn.sofifa.net/flags/nl.png,67,67,Go Ahead Eagles,https://cdn.sofifa.net/teams/100632/30.png,325000,3000,1189,Right,1.0,3.0,1.0,Medium/ Medium,Normal (185+),GK,,193,88,471000,22.0
228413,E. Audero,25,https://cdn.sofifa.net/players/228/413/23_60.png,Italy,https://cdn.sofifa.net/flags/it.png,78,81,U.C. Sampdoria,https://cdn.sofifa.net/teams/1837/30.png,14500000,16000,1188,Right,1.0,2.0,1.0,Medium/ Medium,Normal (185+),GK,,192,83,27200000,1.0
217649,22 S. Gonda,32,https://cdn.sofifa.net/players/217/649/22_60.png,Japan,https://cdn.sofifa.net/flags/jp.png,67,67,Shimizu S-Pulse,https://cdn.sofifa.net/teams/101149/30.png,500000,1000,1187,Right,1.0,2.0,1.0,Medium/ Medium,Normal (185+),GK,,187,83,625000,21.0
207998,D. Ward,29,https://cdn.sofifa.net/players/207/998/23_60.png,Wales,https://cdn.sofifa.net/flags/gb-wls.png,75,75,Leicester City,https://cdn.sofifa.net/teams/95/30.png,3800000,49000,1187,Right,1.0,3.0,1.0,Medium/ Medium,Normal (185+),GK,,191,88,7200000,12.0
216175,C. Stanković,29,https://cdn.sofifa.net/players/216/175/23_60.png,Austria,https://cdn.sofifa.net/flags/at.png,74,74,AEK Athens,https://cdn.sofifa.net/teams/278/30.png,2900000,950,1187,Right,1.0,4.0,1.0,Medium/ Medium,Normal (185+),GK,,186,80,6400000,23.0
168354,E. Viviano,36,https://cdn.sofifa.net/players/168/354/23_60.png,Italy,https://cdn.sofifa.net/flags/it.png,72,72,Fatih Karagümrük S.K.,https://cdn.sofifa.net/teams/111117/30.png,250000,9000,1186,Left,2.0,2.0,1.0,Medium/ Medium,Normal (185+),GK,,195,90,500000,2.0
226085,Léo Jardim,27,https://cdn.sofifa.net/players/226/085/23_60.png,Brazil,https://cdn.sofifa.net/flags/br.png,73,77,LOSC Lille,https://cdn.sofifa.net/teams/65/30.png,3200000,18000,1183,Right,1.0,2.0,1.0,Medium/ Medium,Normal (185+),GK,,188,82,6300000,1.0
210358,A. Brignoli,30,https://cdn.sofifa.net/players/210/358/23_60.png,Italy,https://cdn.sofifa.net/flags/it.png,75,75,Panathinaikos FC,https://cdn.sofifa.net/teams/1884/30.png,3700000,650,1181,Left,1.0,3.0,1.0,Medium/ Medium,Lean (185+),GK,,187,74,8100000,91.0
244316,Luís Maximiano,23,https://cdn.sofifa.net/players/244/316/23_60.png,Portugal,https://cdn.sofifa.net/flags/pt.png,79,85,Lazio,https://cdn.sofifa.net/teams/46/30.png,22500000,32000,1180,Right,1.0,2.0,1.0,Medium/ Medium,Lean (185+),GK,,190,82,42800000,1.0
220584,V. Myhra,25,https://cdn.sofifa.net/players/220/584/23_60.png,Norway,https://cdn.sofifa.net/flags/no.png,68,73,Strømsgodset IF,https://cdn.sofifa.net/teams/922/30.png,1400000,2000,1179,Right,1.0,3.0,1.0,Medium/ Medium,Normal (185+),GK,,194,94,1900000,1.0
235925,G. Gómez,26,https://cdn.sofifa.net/players/235/925/23_60.png,Argentina,https://cdn.sofifa.net/flags/ar.png,73,76,Racing Club,https://cdn.sofifa.net/teams/101085/30.png,3100000,12000,1179,Right,1.0,2.0,1.0,Medium/ Medium,Stocky (185+),GK,,190,99,4900000,1.0
257027,22 Jesús Ruiz,24,https://cdn.sofifa.net/players/257/027/22_60.png,Spain,https://cdn.sofifa.net/flags/es.png,62,70,AD Alcorcón,https://cdn.sofifa.net/teams/100831/30.png,775000,1000,1179,Right,1.0,3.0,1.0,Medium/ Medium,Normal (185+),GK,,185,77,1400000,31.0
49031,19 S. Sorrentino,39,https://cdn.sofifa.net/players/049/031/19_60.png,Italy,https://cdn.sofifa.net/flags/it.png,80,80,Chievo Verona,https://cdn.sofifa.net/teams/192/30.png,1000000,10000,1178,Right,2.0,3.0,1.0,Medium/ Medium,Normal (185+),GK,,186,85,1800000,70.0
229956,L. Zigi,25,https://cdn.sofifa.net/players/229/956/23_60.png,Ghana,https://cdn.sofifa.net/flags/gh.png,70,76,FC St. Gallen 1879,https://cdn.sofifa.net/teams/898/30.png,2000000,5000,1176,Right,1.0,3.0,1.0,Medium/ Medium,Normal (185+),GK,,188,87,3300000,1.0
235183,22 C. Acevedo,25,https://cdn.sofifa.net/players/235/183/22_60.png,Mexico,https://cdn.sofifa.net/flags/mx.png,77,81,Santos Laguna,https://cdn.sofifa.net/teams/110144/30.png,11500000,16000,1176,Right,1.0,3.0,1.0,Medium/ Medium,Lean (170-185),GK,,184,74,20400000,1.0
218212,A. Noppert,28,https://cdn.sofifa.net/players/218/212/23_60.png,Netherlands,https://cdn.sofifa.net/flags/nl.png,69,72,SC Heerenveen,https://cdn.sofifa.net/teams/1913/30.png,1300000,3000,1175,Left,1.0,3.0,1.0,Medium/ Medium,Lean (185+),GK,,203,94,2000000,44.0
167959,Marcelo Grohe,35,https://cdn.sofifa.net/players/167/959/23_60.png,Brazil,https://cdn.sofifa.net/flags/br.png,75,75,Al Ittihad,https://cdn.sofifa.net/teams/607/30.png,625000,17000,1175,Right,2.0,2.0,1.0,Medium/ Medium,Normal (185+),GK,,188,81,1100000,34.0
206566,M. Crocombe,28,https://cdn.sofifa.net/players/206/566/23_60.png,New Zealand,https://cdn.sofifa.net/flags/nz.png,61,61,Grimsby Town,https://cdn.sofifa.net/teams/92/30.png,230000,2000,1175,Right,1.0,2.0,1.0,Medium/ Medium,Normal (185+),GK,,194,88,403000,1.0
234833,F. Müller,24,https://cdn.sofifa.net/players/234/833/23_60.png,Germany,https://cdn.sofifa.net/flags/de.png,76,80,VfB Stuttgart,https://cdn.sofifa.net/teams/36/30.png,8500000,15000,1174,Left,1.0,4.0,1.0,Medium/ Medium,Normal (185+),GK,,190,88,15900000,1.0
229637,22 G. Akkan,26,https://cdn.sofifa.net/players/229/637/22_60.png,Turkey,https://cdn.sofifa.net/flags/tr.png,72,73,Çaykur Rizespor,https://cdn.sofifa.net/teams/101037/30.png,2100000,8000,1173,Right,1.0,2.0,1.0,Medium/ Medium,Normal (185+),GK,,188,80,4400000,23.0
260197,22 N. Kamifukumoto,31,https://cdn.sofifa.net/players/260/197/22_60.png,Japan,https://cdn.sofifa.net/flags/jp.png,63,63,Tokushima Vortis,https://cdn.sofifa.net/teams/112783/30.png,250000,850,1173,Right,1.0,3.0,1.0,Medium/ Medium,Normal (170-185),GK,,182,76,313000,21.0
233164,A. Murić,23,https://cdn.sofifa.net/players/233/164/23_60.png,Kosovo,https://cdn.sofifa.net/flags/xk.png,72,80,Burnley,https://cdn.sofifa.net/teams/1796/30.png,4500000,18000,1171,Right,1.0,2.0,1.0,Medium/ Medium,Normal (185+),GK,,197,81,9500000,49.0
234790,Juan Soriano,24,https://cdn.sofifa.net/players/234/790/23_60.png,Spain,https://cdn.sofifa.net/flags/es.png,72,79,CD Tenerife,https://cdn.sofifa.net/teams/260/30.png,4000000,5000,1170,Left,1.0,2.0,1.0,Medium/ Medium,Lean (185+),GK,,185,78,7200000,1.0
212197,D. Heuer Fernandes,29,https://cdn.sofifa.net/players/212/197/23_60.png,Portugal,https://cdn.sofifa.net/flags/pt.png,73,73,Hamburger SV,https://cdn.sofifa.net/teams/28/30.png,2100000,10000,1170,Right,1.0,4.0,1.0,Medium/ Medium,Normal (185+),GK,,188,81,3400000,1.0
236649,Y. van Osch,25,https://cdn.sofifa.net/players/236/649/23_60.png,Netherlands,https://cdn.sofifa.net/flags/nl.png,70,73,Fortuna Sittard,https://cdn.sofifa.net/teams/634/30.png,1600000,6000,1169,Right,1.0,3.0,1.0,Medium/ Medium,Normal (170-185),GK,,183,73,2500000,1.0
158121,B. Costil,34,https://cdn.sofifa.net/players/158/121/23_60.png,France,https://cdn.sofifa.net/flags/fr.png,75,75,AJ Auxerre,https://cdn.sofifa.net/teams/57/30.png,950000,14000,1167,Right,2.0,3.0,1.0,Medium/ Medium,Normal (185+),GK,,187,82,1900000,1.0
253272,K. Dawson,30,https://cdn.sofifa.net/players/253/272/23_60.png,Uruguay,https://cdn.sofifa.net/flags/uy.png,74,74,Club Atlético Peñarol,https://cdn.sofifa.net/teams/101110/30.png,2800000,700,1162,Right,1.0,2.0,1.0,Medium/ Medium,Normal (170-185),GK,,179,81,6000000,12.0
224953,André Moreira,26,https://cdn.sofifa.net/players/224/953/23_60.png,Portugal,https://cdn.sofifa.net/flags/pt.png,67,72,Grasshopper Club Zürich,https://cdn.sofifa.net/teams/322/30.png,1200000,4000,1161,Right,1.0,2.0,1.0,Medium/ Medium,Normal (185+),GK,,194,96,1800000,1.0
221912,Kang Hyeon Mu,27,https://cdn.sofifa.net/players/221/912/23_60.png,Korea Republic,https://cdn.sofifa.net/flags/kr.png,70,72,Pohang Steelers,https://cdn.sofifa.net/teams/1474/30.png,1500000,4000,1160,Right,1.0,3.0,1.0,Medium/ Medium,Normal (185+),GK,,185,78,2000000,31.0
200726,B. Lecomte,31,https://cdn.sofifa.net/players/200/726/23_60.png,France,https://cdn.sofifa.net/flags/fr.png,77,77,RCD Espanyol de Barcelona,https://cdn.sofifa.net/teams/452/30.png,5500000,35000,1159,Left,2.0,3.0,1.0,Medium/ Medium,Normal (185+),GK,AS Monaco,186,78,0,13.0
253839,21 B. Velásquez,24,https://cdn.sofifa.net/players/253/839/21_60.png,Venezuela,https://cdn.sofifa.net/flags/ve.png,66,71,Caracas Fútbol Club,https://cdn.sofifa.net/teams/110989/30.png,1000000,500,1159,Left,1.0,3.0,1.0,Medium/ Medium,Normal (170-185),GK,,178,70,2200000,1.0
222514,F. Woodman,25,https://cdn.sofifa.net/players/222/514/23_60.png,England,https://cdn.sofifa.net/flags/gb-eng.png,74,79,Preston North End,https://cdn.sofifa.net/teams/1801/30.png,4900000,21000,1158,Right,1.0,2.0,1.0,Medium/ Medium,Lean (185+),GK,,188,83,9700000,1.0
224947,D. Grimshaw,24,https://cdn.sofifa.net/players/224/947/23_60.png,England,https://cdn.sofifa.net/flags/gb-eng.png,65,72,Blackpool,https://cdn.sofifa.net/teams/1926/30.png,1200000,2000,1158,Right,1.0,2.0,1.0,Medium/ Medium,Lean (185+),GK,,185,77,2500000,32.0
212432,Jo Hyeon Woo,30,https://cdn.sofifa.net/players/212/432/23_60.png,Korea Republic,https://cdn.sofifa.net/flags/kr.png,73,73,Ulsan Hyundai FC,https://cdn.sofifa.net/teams/1473/30.png,2000000,8000,1158,Right,1.0,3.0,1.0,Medium/ Medium,Lean (185+),GK,,189,75,2600000,21.0
238070,J. Cumming,22,https://cdn.sofifa.net/players/238/070/23_60.png,England,https://cdn.sofifa.net/flags/gb-eng.png,67,76,Milton Keynes Dons,https://cdn.sofifa.net/teams/1798/30.png,2000000,17000,1156,Right,1.0,2.0,1.0,Medium/ Medium,Lean (185+),GK,Chelsea,186,79,0,1.0
225406,J. Talbot,25,https://cdn.sofifa.net/players/225/406/23_60.png,Republic of Ireland,https://cdn.sofifa.net/flags/ie.png,67,71,Bohemian FC,https://cdn.sofifa.net/teams/305/30.png,1100000,950,1155,Left,1.0,2.0,1.0,Medium/ Medium,Normal (170-185),GK,,180,80,1800000,1.0
198285,L. Nicholls,29,https://cdn.sofifa.net/players/198/285/23_60.png,England,https://cdn.sofifa.net/flags/gb-eng.png,72,74,Huddersfield Town,https://cdn.sofifa.net/teams/1939/30.png,1900000,12000,1153,Right,1.0,3.0,1.0,Medium/ Medium,Normal (185+),GK,,191,85,3700000,21.0
230653,J. Wollacott,25,https://cdn.sofifa.net/players/230/653/23_60.png,Ghana,https://cdn.sofifa.net/flags/gh.png,65,69,Charlton Athletic,https://cdn.sofifa.net/teams/89/30.png,775000,2000,1152,Right,1.0,2.0,1.0,Medium/ Medium,Lean (185+),GK,,190,80,1400000,1.0
223898,P. Bernardoni,25,https://cdn.sofifa.net/players/223/898/23_60.png,France,https://cdn.sofifa.net/flags/fr.png,76,81,Angers SCO,https://cdn.sofifa.net/teams/1530/30.png,9000000,16000,1152,Left,2.0,2.0,1.0,Medium/ Medium,Lean (185+),GK,,190,78,18700000,1.0
216692,S. Torrico,42,https://cdn.sofifa.net/players/216/692/23_60.png,Argentina,https://cdn.sofifa.net/flags/ar.png,72,72,San Lorenzo de Almagro,https://cdn.sofifa.net/teams/1013/30.png,250000,5000,1152,Right,1.0,2.0,1.0,Medium/ Medium,Normal (170-185),GK,,183,84,375000,12.0
182207,D. Stockdale,36,https://cdn.sofifa.net/players/182/207/23_60.png,England,https://cdn.sofifa.net/flags/gb-eng.png,68,68,Sheffield Wednesday,https://cdn.sofifa.net/teams/1807/30.png,130000,3000,1149,Right,1.0,3.0,1.0,Medium/ Medium,Stocky (185+),GK,,191,84,228000,31.0
194333,R. Gikiewicz,34,https://cdn.sofifa.net/players/194/333/23_60.png,Poland,https://cdn.sofifa.net/flags/pl.png,77,77,FC Augsburg,https://cdn.sofifa.net/teams/100409/30.png,1800000,21000,1148,Right,2.0,2.0,1.0,Medium/ Medium,Normal (185+),GK,,190,81,3200000,1.0
243647,A. Bayındır,24,https://cdn.sofifa.net/players/243/647/23_60.png,Turkey,https://cdn.sofifa.net/flags/tr.png,78,82,Fenerbahçe SK,https://cdn.sofifa.net/teams/326/30.png,16000000,39000,1148,Right,1.0,2.0,1.0,Medium/ Medium,Lean (185+),GK,,198,73,31600000,1.0
253636,22 P. Galindo,26,https://cdn.sofifa.net/players/253/636/22_60.png,Bolivia,https://cdn.sofifa.net/flags/bo.png,64,68,Club Always Ready,https://cdn.sofifa.net/teams/114577/30.png,625000,500,1146,Right,1.0,2.0,1.0,Medium/ Medium,Normal (170-185),GK,,180,75,1400000,23.0
217096,J. Lumley,27,https://cdn.sofifa.net/players/217/096/23_60.png,England,https://cdn.sofifa.net/flags/gb-eng.png,67,71,Reading,https://cdn.sofifa.net/teams/1793/30.png,1100000,7000,1143,Right,1.0,3.0,1.0,Medium/ Medium,Lean (185+),GK,Middlesbrough,190,73,0,1.0
225203,L. Kelly,26,https://cdn.sofifa.net/players/225/203/23_60.png,Scotland,https://cdn.sofifa.net/flags/gb-sct.png,70,75,Motherwell,https://cdn.sofifa.net/teams/83/30.png,1800000,4000,1142,Right,1.0,3.0,1.0,Medium/ Medium,Normal (170-185),GK,,184,85,3300000,1.0
243585,G. Bazunu,20,https://cdn.sofifa.net/players/243/585/23_60.png,Republic of Ireland,https://cdn.sofifa.net/flags/ie.png,70,85,Southampton,https://cdn.sofifa.net/teams/17/30.png,3400000,13000,1141,Right,1.0,2.0,1.0,Medium/ Medium,Lean (185+),GK,,189,78,8600000,31.0
254396,L. Claros,24,https://cdn.sofifa.net/players/254/396/23_60.png,Bolivia,https://cdn.sofifa.net/flags/bo.png,61,68,Club Always Ready,https://cdn.sofifa.net/teams/114577/30.png,550000,500,1141,Right,1.0,2.0,1.0,Medium/ Medium,Normal (170-185),GK,,184,88,1300000,12.0
253841,T. Rojas,34,https://cdn.sofifa.net/players/253/841/23_60.png,Venezuela,https://cdn.sofifa.net/flags/ve.png,65,65,Metropolitanos de Caracas FC,https://cdn.sofifa.net/teams/112914/30.png,120000,500,1140,Right,1.0,2.0,1.0,Medium/ Medium,Normal (170-185),GK,,184,80,258000,1.0
199904,J. Joronen,29,https://cdn.sofifa.net/players/199/904/23_60.png,Finland,https://cdn.sofifa.net/flags/fi.png,72,73,Venezia FC,https://cdn.sofifa.net/teams/205/30.png,1800000,3000,1139,Right,1.0,3.0,1.0,Medium/ Medium,Normal (185+),GK,,197,89,3000000,66.0
213206,B. Stuver,31,https://cdn.sofifa.net/players/213/206/23_60.png,United States,https://cdn.sofifa.net/flags/us.png,69,69,Austin FC,https://cdn.sofifa.net/teams/114161/30.png,750000,3000,1137,Right,1.0,1.0,1.0,Medium/ Medium,Lean (185+),GK,,191,81,1100000,1.0
202789,A. Schwolow,30,https://cdn.sofifa.net/players/202/789/23_60.png,Germany,https://cdn.sofifa.net/flags/de.png,75,76,FC Schalke 04,https://cdn.sofifa.net/teams/34/30.png,4200000,21000,1136,Right,2.0,3.0,1.0,Medium/ Medium,Normal (185+),GK,Hertha BSC,190,84,0,13.0
213413,L. Vigouroux,28,https://cdn.sofifa.net/players/213/413/23_60.png,Chile,https://cdn.sofifa.net/flags/cl.png,64,64,Leyton Orient,https://cdn.sofifa.net/teams/1958/30.png,425000,3000,1136,Left,1.0,2.0,1.0,Medium/ Medium,Lean (185+),GK,,194,77,744000,22.0
192665,A. Luthe,35,https://cdn.sofifa.net/players/192/665/23_60.png,Germany,https://cdn.sofifa.net/flags/de.png,75,75,1. FC Kaiserslautern,https://cdn.sofifa.net/teams/29/30.png,625000,7000,1133,Right,1.0,3.0,1.0,Medium/ Medium,Normal (185+),GK,,195,85,969000,1.0
222096,H. Lewis,24,https://cdn.sofifa.net/players/222/096/23_60.png,England,https://cdn.sofifa.net/flags/gb-eng.png,62,70,Bradford City,https://cdn.sofifa.net/teams/1804/30.png,775000,2000,1133,Right,1.0,3.0,1.0,Medium/ Medium,Normal (185+),GK,,191,77,1500000,1.0
223988,L. Ward,25,https://cdn.sofifa.net/players/223/988/23_60.png,England,https://cdn.sofifa.net/flags/gb-eng.png,61,64,Swindon Town,https://cdn.sofifa.net/teams/1934/30.png,325000,2000,1130,Right,1.0,2.0,1.0,Medium/ Medium,Lean (185+),GK,,195,81,593000,12.0
144172,S. Kırıntılı,37,https://cdn.sofifa.net/players/144/172/23_60.png,Turkey,https://cdn.sofifa.net/flags/tr.png,68,68,Ümraniyespor,https://cdn.sofifa.net/teams/113796/30.png,130000,3000,1129,Right,1.0,2.0,1.0,Medium/ Medium,Normal (185+),GK,,185,78,254000,1.0
110606,A. Mannus,40,https://cdn.sofifa.net/players/110/606/23_60.png,Northern Ireland,https://cdn.sofifa.net/flags/gb-nir.png,65,65,Shamrock Rovers,https://cdn.sofifa.net/teams/306/30.png,80000,500,1127,Right,1.0,3.0,1.0,Medium/ Medium,Stocky (185+),GK,,188,94,124000,1.0
208375,M. Müller,28,https://cdn.sofifa.net/players/208/375/23_60.png,Germany,https://cdn.sofifa.net/flags/de.png,73,75,FC Luzern,https://cdn.sofifa.net/teams/897/30.png,2600000,11000,1125,Right,1.0,2.0,1.0,Medium/ Medium,Normal (185+),GK,,192,92,4000000,1.0
188278,M. Birighitti,31,https://cdn.sofifa.net/players/188/278/23_60.png,Australia,https://cdn.sofifa.net/flags/au.png,69,69,Dundee United,https://cdn.sofifa.net/teams/181/30.png,750000,3000,1125,Right,1.0,4.0,1.0,Medium/ Medium,Normal (185+),GK,,189,84,1300000,1.0
225610,S. Gori,26,https://cdn.sofifa.net/players/225/610/23_60.png,Italy,https://cdn.sofifa.net/flags/it.png,66,68,Perugia,https://cdn.sofifa.net/teams/199/30.png,800000,17000,1124,Right,1.0,3.0,1.0,Medium/ Medium,Normal (185+),GK,Juventus,185,73,0,1.0
234577,Diogo Costa,22,https://cdn.sofifa.net/players/234/577/23_60.png,Portugal,https://cdn.sofifa.net/flags/pt.png,79,86,FC Porto,https://cdn.sofifa.net/teams/236/30.png,30500000,11000,1123,Right,1.0,2.0,1.0,Medium/ Medium,Normal (185+),GK,,188,84,67099999,99.0
263339,C. Rushworth,20,https://cdn.sofifa.net/players/263/339/23_60.png,England,https://cdn.sofifa.net/flags/gb-eng.png,63,77,Lincoln City,https://cdn.sofifa.net/teams/149/30.png,1000000,6000,1121,Left,1.0,2.0,1.0,Medium/ Medium,Lean (185+),GK,Brighton &amp; Hove Albion,188,86,0,1.0
257237,R. Doohan,24,https://cdn.sofifa.net/players/257/237/23_60.png,Scotland,https://cdn.sofifa.net/flags/gb-sct.png,63,67,Tranmere Rovers,https://cdn.sofifa.net/teams/15048/30.png,550000,2000,1121,Right,1.0,3.0,1.0,Medium/ Medium,Lean (185+),GK,,186,75,1000000,1.0
146571,21 Reguero,37,https://cdn.sofifa.net/players/146/571/21_60.png,Spain,https://cdn.sofifa.net/flags/es.png,64,64,HJK Helsinki,https://cdn.sofifa.net/teams/100325/30.png,60000,500,1121,Right,1.0,3.0,1.0,Medium/ Medium,Normal (185+),GK,,187,89,129000,25.0
189430,S. Colombi,31,https://cdn.sofifa.net/players/189/430/23_60.png,Italy,https://cdn.sofifa.net/flags/it.png,67,67,Urbs Reggina 1914 ,https://cdn.sofifa.net/teams/203/30.png,550000,950,1120,Right,1.0,2.0,1.0,Medium/ Medium,Lean (185+),GK,,188,83,853000,22.0
230893,O. Evans,25,https://cdn.sofifa.net/players/230/893/23_60.png,Wales,https://cdn.sofifa.net/flags/gb-wls.png,62,66,Walsall,https://cdn.sofifa.net/teams/1803/30.png,425000,2000,1119,Right,1.0,3.0,1.0,Medium/ Medium,Normal (185+),GK,,188,70,776000,1.0
239358,S. Dieng,27,https://cdn.sofifa.net/players/239/358/23_60.png,Senegal,https://cdn.sofifa.net/flags/sn.png,72,75,Queens Park Rangers,https://cdn.sofifa.net/teams/15/30.png,2300000,18000,1118,Right,1.0,3.0,1.0,Medium/ Medium,Normal (185+),GK,,193,90,4500000,1.0
220906,D. Epassy,29,https://cdn.sofifa.net/players/220/906/23_60.png,Cameroon,https://cdn.sofifa.net/flags/cm.png,66,68,Abha Club,https://cdn.sofifa.net/teams/113058/30.png,700000,3000,1116,Right,1.0,3.0,1.0,Medium/ Medium,Normal (185+),GK,,187,80,1200000,21.0
259845,22 M. Santilli,37,https://cdn.sofifa.net/players/259/845/22_60.png,Argentina,https://cdn.sofifa.net/flags/ar.png,66,66,Deportivo La Guaira FC,https://cdn.sofifa.net/teams/112853/30.png,90000,500,1116,Right,1.0,2.0,1.0,Medium/ Medium,Normal (185+),GK,,187,85,194000,22.0
204513,M. Dupé,29,https://cdn.sofifa.net/players/204/513/23_60.png,France,https://cdn.sofifa.net/flags/fr.png,73,75,Toulouse Football Club,https://cdn.sofifa.net/teams/1809/30.png,2500000,12000,1115,Right,1.0,2.0,1.0,Medium/ Medium,Normal (185+),GK,,186,85,5200000,30.0
254198,Á. Campos,29,https://cdn.sofifa.net/players/254/198/23_60.png,Peru,https://cdn.sofifa.net/flags/pe.png,69,71,Club Alianza Lima,https://cdn.sofifa.net/teams/111010/30.png,1200000,500,1112,Right,1.0,2.0,1.0,Medium/ Medium,Normal (170-185),GK,,182,82,2700000,1.0
220932,L. Kalinić,32,https://cdn.sofifa.net/players/220/932/23_60.png,Croatia,https://cdn.sofifa.net/flags/hr.png,75,75,Hajduk Split,https://cdn.sofifa.net/teams/263/30.png,2800000,800,1111,Left,1.0,2.0,1.0,Medium/ Medium,Normal (185+),GK,,201,96,6200000,91.0
236758,O. Christensen,23,https://cdn.sofifa.net/players/236/758/23_60.png,Denmark,https://cdn.sofifa.net/flags/dk.png,70,78,Hertha BSC,https://cdn.sofifa.net/teams/166/30.png,3100000,10000,1110,Right,1.0,2.0,1.0,Medium/ Medium,Normal (185+),GK,,190,82,5900000,32.0
254194,22 G. Salvatierra,29,https://cdn.sofifa.net/players/254/194/22_60.png,Bolivia,https://cdn.sofifa.net/flags/bo.png,63,63,Club Atlético Palmaflor,https://cdn.sofifa.net/teams/115358/30.png,325000,500,1110,Left,1.0,2.0,1.0,Medium/ Medium,Normal (185+),GK,,185,73,699000,12.0
239364,P. Köhn,24,https://cdn.sofifa.net/players/239/364/23_60.png,Switzerland,https://cdn.sofifa.net/flags/ch.png,70,76,FC Red Bull Salzburg,https://cdn.sofifa.net/teams/191/30.png,2000000,9000,1105,Right,1.0,2.0,1.0,Medium/ Medium,Normal (185+),GK,,190,80,3400000,18.0
186655,22 J. Carvallo,35,https://cdn.sofifa.net/players/186/655/22_60.png,Peru,https://cdn.sofifa.net/flags/pe.png,68,68,Club Universitario de Deportes,https://cdn.sofifa.net/teams/111014/30.png,130000,500,1103,Right,1.0,2.0,1.0,Medium/ Medium,Normal (170-185),GK,,182,82,280000,1.0
247072,K. Eissa,32,https://cdn.sofifa.net/players/247/072/23_60.png,United Arab Emirates,https://cdn.sofifa.net/flags/ae.png,71,71,Al Ain FC,https://cdn.sofifa.net/teams/111701/30.png,925000,650,1102,Right,1.0,3.0,1.0,Medium/ Medium,Normal (170-185),GK,,179,73,2000000,17.0
253308,21 J. Young,22,https://cdn.sofifa.net/players/253/308/21_60.png,Argentina,https://cdn.sofifa.net/flags/ar.png,61,67,Centro Atlético Fénix,https://cdn.sofifa.net/teams/111002/30.png,425000,500,1101,Right,1.0,2.0,1.0,Medium/ Medium,Normal (170-185),GK,,180,74,999000,25.0
210022,22 P. Sprint,28,https://cdn.sofifa.net/players/210/022/22_60.png,Germany,https://cdn.sofifa.net/flags/de.png,63,65,FC Viktoria 1889 Berlin,https://cdn.sofifa.net/teams/115820/30.png,400000,750,1099,Right,1.0,2.0,1.0,Medium/ Medium,Normal (185+),GK,,196,98,610000,1.0
189061,S. Burchert,32,https://cdn.sofifa.net/players/189/061/23_60.png,Germany,https://cdn.sofifa.net/flags/de.png,70,70,FC St. Pauli,https://cdn.sofifa.net/teams/110329/30.png,800000,8000,1096,Right,1.0,3.0,1.0,Medium/ Medium,Normal (185+),GK,,187,78,1300000,30.0
266336,P. Vaitsiakhovich,32,https://cdn.sofifa.net/players/266/336/23_60.png,Belarus,https://cdn.sofifa.net/flags/by.png,63,63,IFK Värnamo,https://cdn.sofifa.net/teams/112126/30.png,240000,700,1093,Right,1.0,2.0,1.0,Medium/ Medium,Lean (185+),GK,,194,83,300000,30.0
205068,22 Cristiano,30,https://cdn.sofifa.net/players/205/068/22_60.png,Portugal,https://cdn.sofifa.net/flags/pt.png,65,65,FC Dinamo 1948 Bucureşti,https://cdn.sofifa.net/teams/100757/30.png,475000,1000,1092,Right,1.0,2.0,1.0,Medium/ Medium,Normal (185+),GK,,191,80,641000,13.0
250753,A. Trubin,20,https://cdn.sofifa.net/players/250/753/23_60.png,Ukraine,https://cdn.sofifa.net/flags/ua.png,72,80,Shakhtar Donetsk,https://cdn.sofifa.net/teams/101059/30.png,4400000,500,1092,Right,1.0,2.0,1.0,Medium/ Medium,Lean (185+),GK,,198,86,10600000,81.0
163600,J. Ruddy,35,https://cdn.sofifa.net/players/163/600/23_60.png,England,https://cdn.sofifa.net/flags/gb-eng.png,70,70,Birmingham City,https://cdn.sofifa.net/teams/88/30.png,180000,9000,1092,Right,2.0,3.0,1.0,Medium/ Medium,Stocky (185+),GK,,193,97,342000,21.0
253688,M. Popa,21,https://cdn.sofifa.net/players/253/688/23_60.png,Romania,https://cdn.sofifa.net/flags/ro.png,65,75,FC Voluntari,https://cdn.sofifa.net/teams/113182/30.png,1400000,2000,1088,Right,1.0,2.0,1.0,Medium/ Medium,Lean (185+),GK,,190,82,2200000,71.0
257794,F. Iacob,28,https://cdn.sofifa.net/players/257/794/23_60.png,Romania,https://cdn.sofifa.net/flags/ro.png,67,70,AFC UTA Arad,https://cdn.sofifa.net/teams/110750/30.png,950000,2000,1088,Right,1.0,2.0,1.0,Medium/ Medium,Normal (170-185),GK,,180,84,1400000,93.0
253844,22 Y. Yustiz,29,https://cdn.sofifa.net/players/253/844/22_60.png,Venezuela,https://cdn.sofifa.net/flags/ve.png,65,67,Aragua Fútbol Club,https://cdn.sofifa.net/teams/112916/30.png,600000,500,1087,Left,1.0,2.0,1.0,Medium/ Medium,Normal (185+),GK,,185,75,1300000,1.0
256742,L. Lund,22,https://cdn.sofifa.net/players/256/742/23_60.png,Denmark,https://cdn.sofifa.net/flags/dk.png,66,73,Viborg FF,https://cdn.sofifa.net/teams/1443/30.png,1500000,2000,1085,Right,1.0,3.0,1.0,Medium/ Medium,Normal (185+),GK,,195,81,2200000,1.0
199321,T. Holý,30,https://cdn.sofifa.net/players/199/321/23_60.png,Czech Republic,https://cdn.sofifa.net/flags/cz.png,62,62,Carlisle United,https://cdn.sofifa.net/teams/1480/30.png,275000,2000,1084,Right,1.0,3.0,1.0,Medium/ Medium,Normal (185+),GK,,206,102,481000,1.0
206561,C. Walton,26,https://cdn.sofifa.net/players/206/561/23_60.png,England,https://cdn.sofifa.net/flags/gb-eng.png,68,71,Ipswich Town,https://cdn.sofifa.net/teams/94/30.png,1200000,5000,1083,Left,1.0,2.0,1.0,Medium/ Medium,Normal (185+),GK,,195,72,2200000,1.0
261417,K. Mier,22,https://cdn.sofifa.net/players/261/417/23_60.png,Colombia,https://cdn.sofifa.net/flags/co.png,70,82,Atlético Nacional,https://cdn.sofifa.net/teams/101100/30.png,3400000,2000,1083,Right,1.0,1.0,1.0,Medium/ Medium,Lean (185+),GK,,190,73,5400000,32.0
257640,A. Lis,30,https://cdn.sofifa.net/players/257/640/23_60.png,Poland,https://cdn.sofifa.net/flags/pl.png,63,64,Warta Poznań,https://cdn.sofifa.net/teams/112511/30.png,350000,750,1080,Right,1.0,3.0,1.0,Medium/ Medium,Normal (185+),GK,,192,78,499000,1.0
262621,G. Mamardashvili,21,https://cdn.sofifa.net/players/262/621/23_60.png,Georgia,https://cdn.sofifa.net/flags/ge.png,77,83,Valencia CF,https://cdn.sofifa.net/teams/461/30.png,14000000,16000,1080,Left,1.0,3.0,1.0,Medium/ Medium,Lean (185+),GK,,199,88,32200000,28.0
259885,M. Silveira,22,https://cdn.sofifa.net/players/259/885/23_60.png,Uruguay,https://cdn.sofifa.net/flags/uy.png,66,76,Montevideo Wanderers,https://cdn.sofifa.net/teams/111001/30.png,1700000,500,1078,Right,1.0,2.0,1.0,Medium/ Medium,Normal (185+),GK,,187,88,4000000,1.0
182435,22 M. Langerak,32,https://cdn.sofifa.net/players/182/435/22_60.png,Australia,https://cdn.sofifa.net/flags/au.png,71,71,Nagoya Grampus,https://cdn.sofifa.net/teams/112092/30.png,925000,4000,1077,Right,2.0,3.0,1.0,Medium/ Medium,Lean (185+),GK,,193,80,1200000,1.0
250842,J. Graterol,25,https://cdn.sofifa.net/players/250/842/23_60.png,Venezuela,https://cdn.sofifa.net/flags/ve.png,75,81,América de Cali,https://cdn.sofifa.net/teams/101099/30.png,7000000,3000,1077,Right,1.0,3.0,1.0,Medium/ Medium,Normal (170-185),GK,,176,82,10900000,1.0
230971,N. Tzanev,25,https://cdn.sofifa.net/players/230/971/23_60.png,New Zealand,https://cdn.sofifa.net/flags/nz.png,64,69,AFC Wimbledon,https://cdn.sofifa.net/teams/112259/30.png,675000,2000,1077,Right,1.0,1.0,1.0,Medium/ Medium,Lean (185+),GK,,195,90,1200000,1.0
242703,J. Marcinkowski,25,https://cdn.sofifa.net/players/242/703/23_60.png,United States,https://cdn.sofifa.net/flags/us.png,66,70,San Jose Earthquakes,https://cdn.sofifa.net/teams/111928/30.png,925000,2000,1074,Right,1.0,2.0,1.0,Medium/ Medium,Normal (185+),GK,,188,82,1400000,1.0
234260,A. Fisher,24,https://cdn.sofifa.net/players/234/260/23_60.png,England,https://cdn.sofifa.net/flags/gb-eng.png,65,73,Swansea City,https://cdn.sofifa.net/teams/1960/30.png,1400000,5000,1072,Right,1.0,3.0,1.0,Medium/ Medium,Normal (170-185),GK,,183,73,2900000,1.0
243594,A. Stone,22,https://cdn.sofifa.net/players/243/594/23_60.png,England,https://cdn.sofifa.net/flags/gb-eng.png,61,67,Port Vale,https://cdn.sofifa.net/teams/1928/30.png,425000,1000,1070,Right,1.0,3.0,1.0,Medium/ Medium,Stocky (185+),GK,,186,75,829000,1.0
137317,17 L. Cappone,37,https://cdn.sofifa.net/players/137/317/17_60.png,France,https://cdn.sofifa.net/flags/fr.png,65,65,Stade Lavallois Mayenne FC,https://cdn.sofifa.net/teams/1814/30.png,160000,2000,1066,Right,1.0,3.0,1.0,Medium/ Medium,Normal (170-185),GK,,182,74,0,16.0
253354,21 H. Galíndez,33,https://cdn.sofifa.net/players/253/354/21_60.png,Ecuador,https://cdn.sofifa.net/flags/ec.png,70,70,C.D. Universidad Católica del Ecuador,https://cdn.sofifa.net/teams/114581/30.png,525000,500,1066,Right,1.0,2.0,1.0,Medium/ Medium,Normal (185+),GK,,188,90,1100000,12.0
210502,22 M. Kuttin,27,https://cdn.sofifa.net/players/210/502/22_60.png,Austria,https://cdn.sofifa.net/flags/at.png,67,68,RZ Pellets Wolfsberger AC,https://cdn.sofifa.net/teams/111822/30.png,875000,5000,1064,Right,1.0,3.0,1.0,Medium/ Medium,Normal (185+),GK,,194,94,1300000,29.0
232350,J. Posavec,26,https://cdn.sofifa.net/players/232/350/23_60.png,Croatia,https://cdn.sofifa.net/flags/hr.png,68,72,Aalborg BK,https://cdn.sofifa.net/teams/820/30.png,1300000,5000,1063,Right,1.0,3.0,1.0,Medium/ Medium,Normal (185+),GK,,190,85,1700000,1.0
242879,M. Vandevoordt,20,https://cdn.sofifa.net/players/242/879/23_60.png,Belgium,https://cdn.sofifa.net/flags/be.png,70,84,KRC Genk,https://cdn.sofifa.net/teams/673/30.png,3400000,5000,1062,Right,1.0,3.0,1.0,Medium/ Medium,Lean (185+),GK,,192,80,7200000,26.0
240091,G. Vicario,25,https://cdn.sofifa.net/players/240/091/23_60.png,Italy,https://cdn.sofifa.net/flags/it.png,78,82,Empoli,https://cdn.sofifa.net/teams/1746/30.png,15500000,10000,1060,Right,1.0,1.0,1.0,Medium/ Medium,Lean (185+),GK,,188,76,29100000,13.0
187218,22 M. Jiménez,31,https://cdn.sofifa.net/players/187/218/22_60.png,Mexico,https://cdn.sofifa.net/flags/mx.png,66,66,Club Deportivo Guadalajara,https://cdn.sofifa.net/teams/1880/30.png,450000,9000,1060,Left,1.0,2.0,1.0,Medium/ Medium,Stocky (170-185),GK,,182,81,765000,23.0
240987,M. Cooper,22,https://cdn.sofifa.net/players/240/987/23_60.png,England,https://cdn.sofifa.net/flags/gb-eng.png,68,77,Plymouth Argyle,https://cdn.sofifa.net/teams/1929/30.png,2300000,4000,1057,Right,1.0,3.0,1.0,Medium/ Medium,Normal (185+),GK,,185,75,4500000,1.0
260323,22 M. Murakami,28,https://cdn.sofifa.net/players/260/323/22_60.png,Japan,https://cdn.sofifa.net/flags/jp.png,68,68,Avispa Fukuoka,https://cdn.sofifa.net/teams/113186/30.png,850000,2000,1056,Right,1.0,2.0,1.0,Medium/ Medium,Normal (185+),GK,,185,85,1100000,31.0
263032,V. Kovacević,24,https://cdn.sofifa.net/players/263/032/23_60.png,Bosnia and Herzegovina,https://cdn.sofifa.net/flags/ba.png,70,78,Raków Częstochowa,https://cdn.sofifa.net/teams/114326/30.png,3100000,5000,1055,Right,1.0,1.0,1.0,Medium/ Medium,Lean (185+),GK,,192,81,4800000,1.0
252773,J. Griffiths,20,https://cdn.sofifa.net/players/252/773/23_60.png,England,https://cdn.sofifa.net/flags/gb-eng.png,65,80,Portsmouth,https://cdn.sofifa.net/teams/1790/30.png,1500000,4000,1053,Right,1.0,3.0,1.0,Medium/ Medium,Normal (185+),GK,West Bromwich Albion,198,87,0,1.0
253442,F. de Keijzer,22,https://cdn.sofifa.net/players/253/442/23_60.png,Netherlands,https://cdn.sofifa.net/flags/nl.png,70,78,FC Utrecht,https://cdn.sofifa.net/teams/1903/30.png,3100000,6000,1052,Right,1.0,3.0,1.0,Medium/ Medium,Normal (185+),GK,,193,83,5300000,16.0
266215,G. Falcón,25,https://cdn.sofifa.net/players/266/215/23_60.png,Uruguay,https://cdn.sofifa.net/flags/uy.png,70,75,LDU Quito,https://cdn.sofifa.net/teams/110986/30.png,1900000,500,1051,Right,1.0,3.0,1.0,Medium/ Medium,Normal (185+),GK,,190,86,4200000,1.0
266358,22 K. Piric,26,https://cdn.sofifa.net/players/266/358/22_60.png,Bosnia and Herzegovina,https://cdn.sofifa.net/flags/ba.png,65,67,Göztepe SK,https://cdn.sofifa.net/teams/101026/30.png,675000,3000,1048,Right,1.0,2.0,1.0,Medium/ Medium,Lean (185+),GK,,192,89,1400000,12.0
258718,M. Ilić,24,https://cdn.sofifa.net/players/258/718/23_60.png,Serbia,https://cdn.sofifa.net/flags/rs.png,69,76,KV Kortrijk,https://cdn.sofifa.net/teams/100081/30.png,2400000,5000,1048,Right,1.0,2.0,1.0,Medium/ Medium,Normal (185+),GK,,191,81,4000000,31.0
257862,J. Belshaw,31,https://cdn.sofifa.net/players/257/862/23_60.png,England,https://cdn.sofifa.net/flags/gb-eng.png,65,65,Bristol Rovers,https://cdn.sofifa.net/teams/1962/30.png,375000,2000,1047,Right,1.0,2.0,1.0,Medium/ Medium,Normal (185+),GK,,191,80,656000,1.0
248158,G. Slonina,18,https://cdn.sofifa.net/players/248/158/23_60.png,United States,https://cdn.sofifa.net/flags/us.png,66,81,Chicago Fire Football Club,https://cdn.sofifa.net/teams/693/30.png,1700000,2000,1044,Right,1.0,2.0,1.0,Medium/ Medium,Normal (185+),GK,Chelsea,193,89,0,1.0
269137,B. Poveda,18,https://cdn.sofifa.net/players/269/137/23_60.png,Bolivia,https://cdn.sofifa.net/flags/bo.png,64,76,Club Deportivo Jorge Wilstermann,https://cdn.sofifa.net/teams/110974/30.png,1200000,500,1038,Left,1.0,2.0,1.0,Medium/ Medium,Lean (170-185),GK,,181,73,2800000,33.0
229542,A. Desmas,28,https://cdn.sofifa.net/players/229/542/23_60.png,France,https://cdn.sofifa.net/flags/fr.png,69,70,Le Havre AC,https://cdn.sofifa.net/teams/1738/30.png,1100000,3000,1036,Right,1.0,2.0,1.0,Medium/ Medium,Lean (185+),GK,,196,87,2000000,30.0
263286,A. Mandous,30,https://cdn.sofifa.net/players/263/286/23_60.png,Czech Republic,https://cdn.sofifa.net/flags/cz.png,75,75,SK Slavia Praha,https://cdn.sofifa.net/teams/266/30.png,3700000,950,1035,Left,1.0,3.0,1.0,Medium/ Medium,Lean (185+),GK,,188,85,8100000,28.0
269626,Đ. Petrović,22,https://cdn.sofifa.net/players/269/626/23_60.png,Serbia,https://cdn.sofifa.net/flags/rs.png,67,76,New England Revolution,https://cdn.sofifa.net/teams/691/30.png,2000000,2000,1028,Right,1.0,2.0,1.0,Medium/ Medium,Lean (185+),GK,,194,88,3400000,99.0
242242,S. Cibois,24,https://cdn.sofifa.net/players/242/242/23_60.png,France,https://cdn.sofifa.net/flags/fr.png,66,72,Rodez Aveyron Football,https://cdn.sofifa.net/teams/111659/30.png,1100000,1000,1024,Right,1.0,3.0,1.0,Medium/ Medium,Normal (185+),GK,,192,83,2100000,1.0
253791,C. Varela,22,https://cdn.sofifa.net/players/253/791/23_60.png,Venezuela,https://cdn.sofifa.net/flags/ve.png,66,76,Deportivo Táchira FC,https://cdn.sofifa.net/teams/110990/30.png,1700000,500,1024,Left,1.0,2.0,1.0,Medium/ Medium,Normal (185+),GK,,187,74,4000000,1.0
236571,M. Paes,24,https://cdn.sofifa.net/players/236/571/23_60.png,Netherlands,https://cdn.sofifa.net/flags/nl.png,69,75,FC Dallas,https://cdn.sofifa.net/teams/695/30.png,1800000,3000,1023,Right,1.0,3.0,1.0,Medium/ Medium,Normal (185+),GK,,191,82,3100000,30.0
244385,G. Bushchan,28,https://cdn.sofifa.net/players/244/385/23_60.png,Ukraine,https://cdn.sofifa.net/flags/ua.png,75,78,Dynamo Kyiv,https://cdn.sofifa.net/teams/101047/30.png,5000000,800,1022,Right,1.0,3.0,1.0,Medium/ Medium,Normal (185+),GK,,196,84,11400000,1.0
262417,Daniel Figueira,23,https://cdn.sofifa.net/players/262/417/23_60.png,Portugal,https://cdn.sofifa.net/flags/pt.png,71,79,Estoril Praia,https://cdn.sofifa.net/teams/10020/30.png,3600000,4000,1021,Right,1.0,3.0,1.0,Medium/ Medium,Normal (185+),GK,,189,82,8100000,99.0
246267,D. Kotarski,22,https://cdn.sofifa.net/players/246/267/23_60.png,Croatia,https://cdn.sofifa.net/flags/hr.png,68,78,PAOK,https://cdn.sofifa.net/teams/393/30.png,2300000,500,1019,Right,1.0,2.0,1.0,Medium/ Medium,Normal (185+),GK,,189,75,5500000,42.0
253846,22 R. Bentancur,32,https://cdn.sofifa.net/players/253/846/22_60.png,Uruguay,https://cdn.sofifa.net/flags/uy.png,65,65,Cerro Largo Fútbol Club,https://cdn.sofifa.net/teams/115536/30.png,350000,500,1017,Right,1.0,2.0,1.0,Medium/ Medium,Normal (170-185),GK,,184,78,753000,12.0
202770,C. Ripley,29,https://cdn.sofifa.net/players/202/770/23_60.png,England,https://cdn.sofifa.net/flags/gb-eng.png,62,64,Morecambe,https://cdn.sofifa.net/teams/357/30.png,325000,1000,1015,Right,1.0,3.0,1.0,Medium/ Medium,Stocky (185+),GK,,191,96,593000,1.0
261152,A. Medina,35,https://cdn.sofifa.net/players/261/152/23_60.png,Argentina,https://cdn.sofifa.net/flags/ar.png,69,69,Arsenal de Sarandí,https://cdn.sofifa.net/teams/110394/30.png,150000,3000,1015,Right,1.0,3.0,1.0,Medium/ Medium,Normal (170-185),GK,,181,79,218000,23.0
256161,M. Ramírez,21,https://cdn.sofifa.net/players/256/161/23_60.png,Ecuador,https://cdn.sofifa.net/flags/ec.png,68,80,Independiente del Valle,https://cdn.sofifa.net/teams/112908/30.png,2600000,500,1014,Right,1.0,2.0,1.0,Medium/ Medium,Normal (170-185),GK,,183,73,6200000,1.0
270721,N. Aslan,24,https://cdn.sofifa.net/players/270/721/23_60.png,Turkey,https://cdn.sofifa.net/flags/tr.png,57,62,MKE Ankaragücü,https://cdn.sofifa.net/teams/101007/30.png,200000,1000,1014,Right,1.0,2.0,1.0,Medium/ Medium,Lean (185+),GK,,202,87,405000,1.0
259927,21 C. Fiermarin,22,https://cdn.sofifa.net/players/259/927/21_60.png,Uruguay,https://cdn.sofifa.net/flags/uy.png,69,78,Montevideo City Torque,https://cdn.sofifa.net/teams/113143/30.png,2700000,5000,1013,Right,1.0,2.0,1.0,Medium/ Medium,Lean (185+),GK,,189,72,6300000,1.0
253343,J. Pinos,32,https://cdn.sofifa.net/players/253/343/23_60.png,Ecuador,https://cdn.sofifa.net/flags/ec.png,68,68,9 de Octubre,https://cdn.sofifa.net/teams/115487/30.png,600000,500,1011,Right,1.0,2.0,1.0,Medium/ Medium,Normal (185+),GK,,187,85,1300000,30.0
259166,E. Green,21,https://cdn.sofifa.net/players/259/166/23_60.png,England,https://cdn.sofifa.net/flags/gb-eng.png,73,81,AS Saint-Étienne,https://cdn.sofifa.net/teams/1819/30.png,6000000,4000,1010,Right,1.0,3.0,1.0,Medium/ Medium,Lean (185+),GK,,192,78,12000000,42.0
254502,S. Turati,20,https://cdn.sofifa.net/players/254/502/23_60.png,Italy,https://cdn.sofifa.net/flags/it.png,66,78,Frosinone,https://cdn.sofifa.net/teams/111657/30.png,1800000,4000,1005,Right,1.0,2.0,1.0,Medium/ Medium,Normal (185+),GK,U.S. Sassuolo Calcio,188,85,0,22.0
238570,Song Bum Keun,24,https://cdn.sofifa.net/players/238/570/23_60.png,Korea Republic,https://cdn.sofifa.net/flags/kr.png,70,78,Jeonbuk Hyundai Motors,https://cdn.sofifa.net/teams/1477/30.png,3100000,4000,1004,Right,1.0,2.0,1.0,Medium/ Medium,Normal (185+),GK,,194,88,4700000,31.0
258264,D. Holec,27,https://cdn.sofifa.net/players/258/264/23_60.png,Slovakia,https://cdn.sofifa.net/flags/sk.png,72,74,AC Sparta Praha,https://cdn.sofifa.net/teams/267/30.png,2100000,600,1003,Right,1.0,3.0,1.0,Medium/ Medium,Lean (185+),GK,,191,89,4800000,77.0
199320,11 J. Lindr,23,https://cdn.sofifa.net/players/199/320/11_60.png,Czech Republic,https://cdn.sofifa.net/flags/cz.png,58,60,FC Hradec Králové,https://cdn.sofifa.net/teams/112236/30.png,0,0,1003,Right,1.0,2.0,1.0,N/A/ N/A,Lean (170-185),GK,,191,83,0,20.0
259872,I. De Arruabarrena,25,https://cdn.sofifa.net/players/259/872/23_60.png,Uruguay,https://cdn.sofifa.net/flags/uy.png,68,73,FC Arouca,https://cdn.sofifa.net/teams/112513/30.png,1400000,2000,1002,Right,1.0,2.0,1.0,Medium/ Medium,Normal (170-185),GK,,183,79,3000000,12.0
260274,J. Cuéllar,22,https://cdn.sofifa.net/players/260/274/23_60.png,Bolivia,https://cdn.sofifa.net/flags/bo.png,65,72,Club Deportivo Guabirá,https://cdn.sofifa.net/teams/114600/30.png,1200000,500,1001,Left,1.0,1.0,1.0,Medium/ Medium,Normal (170-185),GK,,182,78,2800000,25.0
254394,21 K. Córdova,20,https://cdn.sofifa.net/players/254/394/21_60.png,United States,https://cdn.sofifa.net/flags/us.png,58,65,Club Atlético Grau,https://cdn.sofifa.net/teams/114598/30.png,350000,500,1000,Right,1.0,2.0,1.0,Medium/ Medium,Normal (170-185),GK,,179,71,823000,13.0
253990,22 J. Roca,22,https://cdn.sofifa.net/players/253/990/22_60.png,Bolivia,https://cdn.sofifa.net/flags/bo.png,65,72,Club Atlético Nacional Potosí,https://cdn.sofifa.net/teams/112667/30.png,1200000,500,998,Right,1.0,2.0,1.0,Medium/ Medium,Normal (185+),GK,,187,80,2800000,12.0
244191,J. Anang,22,https://cdn.sofifa.net/players/244/191/23_60.png,England,https://cdn.sofifa.net/flags/gb-eng.png,64,70,St. Patrick's Athletic,https://cdn.sofifa.net/teams/423/30.png,775000,8000,998,Right,1.0,2.0,1.0,Medium/ Medium,Normal (170-185),GK,West Ham United,183,78,0,1.0
261687,S. Breza,24,https://cdn.sofifa.net/players/261/687/23_60.png,Canada,https://cdn.sofifa.net/flags/ca.png,64,68,Club de Foot Montréal,https://cdn.sofifa.net/teams/111139/30.png,675000,4000,997,Right,1.0,2.0,1.0,Medium/ Medium,Normal (185+),GK,Bologna,193,87,0,1.0
269707,G. Kobylak,20,https://cdn.sofifa.net/players/269/707/23_60.png,Poland,https://cdn.sofifa.net/flags/pl.png,61,74,Radomiak Radom,https://cdn.sofifa.net/teams/111088/30.png,700000,900,996,Right,1.0,2.0,1.0,Medium/ Medium,Normal (185+),GK,Legia Warszawa,190,84,0,1.0
258485,F. Jörgensen,20,https://cdn.sofifa.net/players/258/485/23_60.png,Sweden,https://cdn.sofifa.net/flags/se.png,64,76,Villarreal Club de Fútbol B,https://cdn.sofifa.net/teams/110902/30.png,1200000,950,994,Right,1.0,2.0,1.0,Medium/ Medium,Normal (185+),GK,,189,77,2100000,1.0
270495,M. Mijatović,34,https://cdn.sofifa.net/players/270/495/23_60.png,Montenegro,https://cdn.sofifa.net/flags/me.png,66,66,Al Adalah,https://cdn.sofifa.net/teams/113345/30.png,150000,5000,993,Right,1.0,4.0,1.0,Medium/ Medium,Normal (185+),GK,,190,94,248000,1.0
258180,S. Meza,22,https://cdn.sofifa.net/players/258/180/23_60.png,Argentina,https://cdn.sofifa.net/flags/ar.png,65,73,Club Atlético Sarmiento,https://cdn.sofifa.net/teams/112713/30.png,1400000,2000,993,Right,1.0,3.0,1.0,Medium/ Medium,Normal (185+),GK,Club Atlético Huracán,185,78,0,24.0
245370,E. Destanoğlu,21,https://cdn.sofifa.net/players/245/370/23_60.png,Turkey,https://cdn.sofifa.net/flags/tr.png,75,81,Beşiktaş JK,https://cdn.sofifa.net/teams/327/30.png,7500000,21000,990,Right,1.0,1.0,1.0,Medium/ Medium,Stocky (185+),GK,,195,88,16500000,1.0
242948,22 M. Kovář,21,https://cdn.sofifa.net/players/242/948/22_60.png,Czech Republic,https://cdn.sofifa.net/flags/cz.png,62,73,Burton Albion,https://cdn.sofifa.net/teams/15015/30.png,775000,750,988,Right,1.0,4.0,1.0,Medium/ Medium,Lean (185+),GK,,192,83,1500000,1.0
260309,22 J. Pucheta,29,https://cdn.sofifa.net/players/260/309/22_60.png,Argentina,https://cdn.sofifa.net/flags/ar.png,67,69,Club Social y Deportivo Macará,https://cdn.sofifa.net/teams/114578/30.png,850000,500,987,Right,1.0,2.0,1.0,Medium/ Medium,Stocky (170-185),GK,,184,83,1900000,1.0
262420,R. Popa,19,https://cdn.sofifa.net/players/262/420/23_60.png,Romania,https://cdn.sofifa.net/flags/ro.png,64,77,FC U Craiova 1948,https://cdn.sofifa.net/teams/115716/30.png,1200000,1000,986,Right,1.0,2.0,1.0,Medium/ Medium,Normal (185+),GK,,190,83,2400000,31.0
255203,21 J. Pretel,36,https://cdn.sofifa.net/players/255/203/21_60.png,Peru,https://cdn.sofifa.net/flags/pe.png,62,62,Cusco Fútbol Club,https://cdn.sofifa.net/teams/112659/30.png,45000,500,986,Right,1.0,2.0,1.0,Medium/ Medium,Normal (185+),GK,,189,89,97000,21.0
258885,Luiz Júnior,21,https://cdn.sofifa.net/players/258/885/23_60.png,Brazil,https://cdn.sofifa.net/flags/br.png,72,82,Futebol Clube de Famalicão,https://cdn.sofifa.net/teams/112809/30.png,4600000,4000,981,Right,1.0,3.0,1.0,Medium/ Medium,Normal (185+),GK,,194,88,10600000,31.0
258239,M. Kochalski,21,https://cdn.sofifa.net/players/258/239/23_60.png,Poland,https://cdn.sofifa.net/flags/pl.png,60,70,PGE FKS Stal Mielec,https://cdn.sofifa.net/teams/114004/30.png,475000,850,979,Right,1.0,2.0,1.0,Medium/ Medium,Normal (185+),GK,Legia Warszawa,190,88,0,1.0
243778,M. Hiller,25,https://cdn.sofifa.net/players/243/778/23_60.png,Germany,https://cdn.sofifa.net/flags/de.png,69,75,TSV 1860 München,https://cdn.sofifa.net/teams/33/30.png,1700000,2000,979,Right,1.0,3.0,1.0,Medium/ Medium,Normal (185+),GK,,189,89,2800000,1.0
254604,L. Terán,28,https://cdn.sofifa.net/players/254/604/23_60.png,Venezuela,https://cdn.sofifa.net/flags/ve.png,64,66,Hermanos Colmenarez,https://cdn.sofifa.net/teams/115694/30.png,500000,500,978,Right,1.0,3.0,1.0,Medium/ Medium,Normal (170-185),GK,,175,75,1100000,40.0
232131,H. Ravas,24,https://cdn.sofifa.net/players/232/131/23_60.png,Slovakia,https://cdn.sofifa.net/flags/sk.png,63,66,Widzew Łódź,https://cdn.sofifa.net/teams/301/30.png,500000,950,974,Right,1.0,2.0,1.0,Medium/ Medium,Normal (185+),GK,,192,87,713000,26.0
246417,A. Patterson,22,https://cdn.sofifa.net/players/246/417/23_60.png,England,https://cdn.sofifa.net/flags/gb-eng.png,62,70,Sunderland,https://cdn.sofifa.net/teams/106/30.png,775000,2000,974,Right,1.0,2.0,1.0,Medium/ Medium,Normal (185+),GK,,189,87,1600000,1.0
237580,D. Schmidt,30,https://cdn.sofifa.net/players/237/580/23_60.png,Japan,https://cdn.sofifa.net/flags/jp.png,69,70,Sint-Truidense VV,https://cdn.sofifa.net/teams/680/30.png,1000000,6000,973,Right,1.0,4.0,1.0,Medium/ Medium,Normal (185+),GK,,196,90,1500000,21.0
266217,W. Ortega,27,https://cdn.sofifa.net/players/266/217/23_60.png,Uruguay,https://cdn.sofifa.net/flags/uy.png,68,72,La Equidad,https://cdn.sofifa.net/teams/112523/30.png,1300000,750,971,Left,1.0,3.0,1.0,Medium/ Medium,Lean (170-185),GK,,181,71,1900000,1.0
260517,W. Quiñónez,33,https://cdn.sofifa.net/players/260/517/23_60.png,Paraguay,https://cdn.sofifa.net/flags/py.png,67,67,Club Deportivo Oriente Petrolero,https://cdn.sofifa.net/teams/110970/30.png,325000,500,971,Right,1.0,3.0,1.0,Medium/ Medium,Normal (185+),GK,,187,86,699000,1.0
253090,22 M. Lukov,27,https://cdn.sofifa.net/players/253/090/22_60.png,Bulgaria,https://cdn.sofifa.net/flags/bg.png,65,66,Al Tai,https://cdn.sofifa.net/teams/112572/30.png,600000,4000,971,Right,1.0,3.0,1.0,Medium/ Medium,Normal (185+),GK,,188,83,1000000,71.0
244524,22 N. Quindt,24,https://cdn.sofifa.net/players/244/524/22_60.png,Germany,https://cdn.sofifa.net/flags/de.png,65,68,TSV Havelse,https://cdn.sofifa.net/teams/110678/30.png,750000,500,970,Right,1.0,2.0,1.0,Medium/ Medium,Lean (170-185),GK,,184,75,1100000,1.0
256938,N. Hedl,21,https://cdn.sofifa.net/players/256/938/23_60.png,Austria,https://cdn.sofifa.net/flags/at.png,67,76,SK Rapid Wien,https://cdn.sofifa.net/teams/254/30.png,2000000,5000,969,Right,1.0,1.0,1.0,Medium/ Medium,Normal (185+),GK,,188,78,3400000,45.0
254008,22 Belman,22,https://cdn.sofifa.net/players/254/008/22_60.png,Spain,https://cdn.sofifa.net/flags/es.png,64,69,CF Fuenlabrada,https://cdn.sofifa.net/teams/110065/30.png,725000,1000,969,Right,1.0,5.0,1.0,Medium/ Medium,Normal (170-185),GK,,184,84,1200000,31.0
254397,22 R. Escobar,30,https://cdn.sofifa.net/players/254/397/22_60.png,Paraguay,https://cdn.sofifa.net/flags/py.png,69,69,Guaireña FC,https://cdn.sofifa.net/teams/114688/30.png,925000,500,967,Right,1.0,3.0,1.0,Medium/ Medium,Stocky (185+),GK,,189,92,2000000,12.0
233425,E. Kastrati,25,https://cdn.sofifa.net/players/233/425/23_60.png,Albania,https://cdn.sofifa.net/flags/al.png,65,70,Cittadella,https://cdn.sofifa.net/teams/111993/30.png,825000,650,966,Right,1.0,2.0,1.0,Medium/ Medium,Normal (185+),GK,,189,82,1300000,36.0
259904,22 G. Valle,25,https://cdn.sofifa.net/players/259/904/22_60.png,Ecuador,https://cdn.sofifa.net/flags/ec.png,66,70,Guayaquil City FC,https://cdn.sofifa.net/teams/113723/30.png,925000,500,966,Right,1.0,2.0,1.0,Medium/ Medium,Normal (185+),GK,,185,85,2100000,28.0
253065,P. Gill,21,https://cdn.sofifa.net/players/253/065/23_60.png,India,https://cdn.sofifa.net/flags/in.png,57,65,Kerala Blasters FC,https://cdn.sofifa.net/teams/113299/30.png,325000,500,966,Left,1.0,1.0,1.0,Medium/ Medium,Lean (170-185),GK,,183,70,504000,13.0
246671,A. Okonkwo,20,https://cdn.sofifa.net/players/246/671/23_60.png,England,https://cdn.sofifa.net/flags/gb-eng.png,63,79,Crewe Alexandra,https://cdn.sofifa.net/teams/121/30.png,1100000,7000,964,Right,1.0,2.0,1.0,Medium/ Medium,Lean (185+),GK,Arsenal,196,85,0,13.0
247736,C. Olses,21,https://cdn.sofifa.net/players/247/736/23_60.png,Venezuela,https://cdn.sofifa.net/flags/ve.png,67,79,Deportivo La Guaira FC,https://cdn.sofifa.net/teams/112853/30.png,2200000,500,964,Right,1.0,2.0,1.0,Medium/ Medium,Lean (185+),GK,,193,79,5200000,1.0
263063,J. Trafford,19,https://cdn.sofifa.net/players/263/063/23_60.png,England,https://cdn.sofifa.net/flags/gb-eng.png,64,78,Bolton Wanderers,https://cdn.sofifa.net/teams/4/30.png,1200000,7000,961,Right,1.0,2.0,1.0,Medium/ Medium,Lean (185+),GK,Manchester City,192,90,0,19.0
263523,N. Pérez,32,https://cdn.sofifa.net/players/263/523/23_60.png,Uruguay,https://cdn.sofifa.net/flags/uy.png,67,67,Deportivo Ñublense,https://cdn.sofifa.net/teams/112585/30.png,500000,2000,959,Right,1.0,3.0,1.0,Medium/ Medium,Stocky (170-185),GK,,180,87,675000,1.0
268598,H. Ayala,27,https://cdn.sofifa.net/players/268/598/23_60.png,Bolivia,https://cdn.sofifa.net/flags/bo.png,62,63,Independiente Petrolero,https://cdn.sofifa.net/teams/115517/30.png,350000,500,958,Right,1.0,3.0,1.0,Medium/ Medium,Normal (170-185),GK,,179,83,779000,1.0
259695,H. Espínola,30,https://cdn.sofifa.net/players/259/695/23_60.png,Paraguay,https://cdn.sofifa.net/flags/py.png,65,65,Guaireña FC,https://cdn.sofifa.net/teams/114688/30.png,475000,500,956,Right,1.0,1.0,1.0,Medium/ Medium,Normal (170-185),GK,,182,85,1000000,1.0
256359,N. Sheppard,21,https://cdn.sofifa.net/players/256/359/23_60.png,Wales,https://cdn.sofifa.net/flags/gb-wls.png,58,72,Dundalk FC,https://cdn.sofifa.net/teams/837/30.png,450000,500,956,Right,1.0,3.0,1.0,Medium/ Medium,Lean (170-185),GK,,184,77,979000,1.0
237171,H. Acevedo,25,https://cdn.sofifa.net/players/237/171/23_60.png,Colombia,https://cdn.sofifa.net/flags/co.png,67,73,Deportivo Cali,https://cdn.sofifa.net/teams/101102/30.png,1300000,1000,955,Right,1.0,3.0,1.0,Medium/ Medium,Normal (170-185),GK,,184,81,2000000,1.0
269864,N. Lübcke,22,https://cdn.sofifa.net/players/269/864/23_60.png,Germany,https://cdn.sofifa.net/flags/de.png,60,67,Borussia Dortmund II,https://cdn.sofifa.net/teams/110676/30.png,425000,550,951,Right,1.0,4.0,1.0,Medium/ Medium,Normal (185+),GK,,187,84,701000,40.0
261466,22 M. Silva,20,https://cdn.sofifa.net/players/261/466/22_60.png,Venezuela,https://cdn.sofifa.net/flags/ve.png,60,70,Academia Puerto Cabello,https://cdn.sofifa.net/teams/114611/30.png,475000,500,950,Right,1.0,2.0,1.0,Medium/ Medium,Normal (170-185),GK,,184,79,1100000,1.0
255428,22 L. Cárdenas,30,https://cdn.sofifa.net/players/255/428/22_60.png,Bolivia,https://cdn.sofifa.net/flags/bo.png,64,64,Club Deportivo Jorge Wilstermann,https://cdn.sofifa.net/teams/110974/30.png,400000,500,947,Right,1.0,2.0,1.0,Medium/ Medium,Stocky (170-185),GK,,177,77,860000,12.0
241643,V. Johansson,23,https://cdn.sofifa.net/players/241/643/23_60.png,Sweden,https://cdn.sofifa.net/flags/se.png,66,73,Rotherham United,https://cdn.sofifa.net/teams/1797/30.png,1500000,3000,947,Right,1.0,3.0,1.0,Medium/ Medium,Normal (185+),GK,,186,74,3100000,1.0
259944,A. Vidal,27,https://cdn.sofifa.net/players/259/944/23_60.png,Peru,https://cdn.sofifa.net/flags/pe.png,69,71,Ayacucho,https://cdn.sofifa.net/teams/114512/30.png,1300000,500,947,Right,1.0,2.0,1.0,Medium/ Medium,Normal (185+),GK,,192,88,2900000,13.0
243917,J. Gauci,21,https://cdn.sofifa.net/players/243/917/23_60.png,Australia,https://cdn.sofifa.net/flags/au.png,65,71,Adelaide United,https://cdn.sofifa.net/teams/111393/30.png,925000,850,942,Right,1.0,3.0,1.0,Medium/ Medium,Normal (185+),GK,,193,81,1300000,46.0
268363,22 A. Yilmuz,25,https://cdn.sofifa.net/players/268/363/22_60.png,Turkey,https://cdn.sofifa.net/flags/tr.png,61,62,Türkgücü München,https://cdn.sofifa.net/teams/114398/30.png,300000,900,941,Right,1.0,2.0,1.0,Medium/ Medium,Normal (185+),GK,,188,78,458000,1.0
242289,C. Hazard,24,https://cdn.sofifa.net/players/242/289/23_60.png,Northern Ireland,https://cdn.sofifa.net/flags/gb-nir.png,65,73,HJK Helsinki,https://cdn.sofifa.net/teams/100325/30.png,1400000,500,939,Left,1.0,3.0,1.0,Medium/ Medium,Normal (185+),GK,,198,86,3300000,1.0
260021,22 M. Cardozo,38,https://cdn.sofifa.net/players/260/021/22_60.png,Paraguay,https://cdn.sofifa.net/flags/py.png,67,67,12 de Octubre FC,https://cdn.sofifa.net/teams/111007/30.png,110000,500,939,Right,1.0,2.0,1.0,Medium/ Medium,Normal (170-185),GK,,178,71,237000,1.0
262624,22 N. Michael,27,https://cdn.sofifa.net/players/262/624/22_60.png,Cyprus,https://cdn.sofifa.net/flags/cy.png,65,67,APOEL Nicosia FC,https://cdn.sofifa.net/teams/100135/30.png,650000,500,937,Right,1.0,1.0,1.0,Medium/ Medium,Normal (185+),GK,,190,82,1400000,93.0
263232,22 Luiz Felipe,24,https://cdn.sofifa.net/players/263/232/22_60.png,Brazil,https://cdn.sofifa.net/flags/br.png,67,71,Belenenses SAD,https://cdn.sofifa.net/teams/1889/30.png,1200000,2000,934,Left,1.0,3.0,1.0,Medium/ Medium,Normal (185+),GK,,198,90,2600000,1.0
235266,C. Früchtl,22,https://cdn.sofifa.net/players/235/266/23_60.png,Germany,https://cdn.sofifa.net/flags/de.png,66,73,FK Austria Wien,https://cdn.sofifa.net/teams/256/30.png,1500000,4000,933,Left,1.0,2.0,1.0,Medium/ Medium,Normal (185+),GK,,193,88,2500000,1.0
243387,S. Brolin,21,https://cdn.sofifa.net/players/243/387/23_60.png,Sweden,https://cdn.sofifa.net/flags/se.png,63,74,Mjällby AIF,https://cdn.sofifa.net/teams/112072/30.png,925000,900,933,Right,1.0,1.0,1.0,Medium/ Medium,Lean (185+),GK,AIK,202,85,0,35.0
237615,G. Poluzzi,34,https://cdn.sofifa.net/players/237/615/23_60.png,Italy,https://cdn.sofifa.net/flags/it.png,64,64,Südtirol,https://cdn.sofifa.net/teams/112494/30.png,100000,750,931,Right,1.0,1.0,1.0,Medium/ Medium,Normal (185+),GK,,186,74,155000,1.0
238674,K. Broll,26,https://cdn.sofifa.net/players/238/674/23_60.png,Germany,https://cdn.sofifa.net/flags/de.png,70,74,Górnik Zabrze,https://cdn.sofifa.net/teams/420/30.png,1700000,4000,928,Right,1.0,3.0,1.0,Medium/ Medium,Normal (185+),GK,,186,85,2400000,32.0
254613,21 L. Machado,22,https://cdn.sofifa.net/players/254/613/21_60.png,Uruguay,https://cdn.sofifa.net/flags/uy.png,59,68,Club Atlético River Plate,https://cdn.sofifa.net/teams/112184/30.png,450000,500,926,Right,1.0,3.0,1.0,Medium/ Medium,Lean (170-185),GK,,184,72,1100000,12.0
255129,21 E. González,30,https://cdn.sofifa.net/players/255/129/21_60.png,Venezuela,https://cdn.sofifa.net/flags/ve.png,61,61,AC Mineros de Guayana,https://cdn.sofifa.net/teams/110992/30.png,220000,500,923,Left,1.0,3.0,1.0,Medium/ Medium,Normal (170-185),GK,,182,82,473000,26.0
254601,G. Olveira,29,https://cdn.sofifa.net/players/254/601/23_60.png,Uruguay,https://cdn.sofifa.net/flags/uy.png,71,72,Club Olimpia,https://cdn.sofifa.net/teams/101108/30.png,1400000,500,922,Right,1.0,2.0,1.0,Medium/ Medium,Normal (185+),GK,,191,80,3200000,1.0
259937,22 Á. Zamudio,24,https://cdn.sofifa.net/players/259/937/22_60.png,Peru,https://cdn.sofifa.net/flags/pe.png,65,72,Sport Huancayo,https://cdn.sofifa.net/teams/114511/30.png,1200000,500,922,Right,1.0,2.0,1.0,Medium/ Medium,Normal (170-185),GK,,181,70,2800000,12.0
234846,S. Müller,26,https://cdn.sofifa.net/players/234/846/23_60.png,Germany,https://cdn.sofifa.net/flags/de.png,65,69,SG Dynamo Dresden,https://cdn.sofifa.net/teams/503/30.png,775000,2000,920,Right,1.0,2.0,1.0,Medium/ Medium,Normal (185+),GK,,190,82,1200000,1.0
263889,T. Dickinson,21,https://cdn.sofifa.net/players/263/889/23_60.png,England,https://cdn.sofifa.net/flags/gb-eng.png,58,69,Wycombe Wanderers,https://cdn.sofifa.net/teams/1933/30.png,400000,850,920,Right,1.0,3.0,1.0,Medium/ Medium,Lean (185+),GK,,186,78,780000,13.0
263023,N. Sauter,19,https://cdn.sofifa.net/players/263/023/23_60.png,Germany,https://cdn.sofifa.net/flags/de.png,61,73,SC Freiburg II,https://cdn.sofifa.net/teams/110691/30.png,675000,500,918,Right,1.0,2.0,1.0,Medium/ Medium,Normal (170-185),GK,,183,79,1100000,40.0
265472,G. Arévalos,37,https://cdn.sofifa.net/players/265/472/23_60.png,Paraguay,https://cdn.sofifa.net/flags/py.png,64,64,General Caballero (JLM),https://cdn.sofifa.net/teams/116007/30.png,60000,500,918,Right,1.0,1.0,1.0,Medium/ Medium,Normal (170-185),GK,,178,72,129000,12.0
259296,22 N. Rossi,23,https://cdn.sofifa.net/players/259/296/22_60.png,Uruguay,https://cdn.sofifa.net/flags/uy.png,67,74,Club Atlético Rentistas,https://cdn.sofifa.net/teams/115535/30.png,1700000,500,918,Right,1.0,2.0,1.0,Medium/ Medium,Normal (185+),GK,,186,77,4000000,1.0
269833,S. Kolbe,26,https://cdn.sofifa.net/players/269/833/23_60.png,Germany,https://cdn.sofifa.net/flags/de.png,63,67,SpVgg Bayreuth,https://cdn.sofifa.net/teams/110194/30.png,525000,500,917,Right,1.0,3.0,1.0,Medium/ Medium,Normal (185+),GK,,187,88,801000,31.0
254712,21 P. Gavilán,31,https://cdn.sofifa.net/players/254/712/21_60.png,Paraguay,https://cdn.sofifa.net/flags/py.png,63,63,Club River Plate Asunción,https://cdn.sofifa.net/teams/114575/30.png,250000,500,916,Left,1.0,2.0,1.0,Medium/ Medium,Normal (170-185),GK,,180,74,538000,1.0
257014,22 M. Sasaki,19,https://cdn.sofifa.net/players/257/014/22_60.png,Japan,https://cdn.sofifa.net/flags/jp.png,61,70,Kashiwa Reysol,https://cdn.sofifa.net/teams/101145/30.png,600000,600,913,Left,1.0,2.0,1.0,Medium/ Medium,Normal (185+),GK,,185,79,870000,21.0
191142,12 P. Kurucz,23,https://cdn.sofifa.net/players/191/142/12_60.png,Hungary,https://cdn.sofifa.net/flags/hu.png,62,72,Rochdale,https://cdn.sofifa.net/teams/1955/30.png,400000,2000,912,Right,1.0,3.0,1.0,Medium/ Medium,Normal (185+),GK,,185,76,0,1.0
259769,22 M. Heredia,35,https://cdn.sofifa.net/players/259/769/22_60.png,Peru,https://cdn.sofifa.net/flags/pe.png,66,66,Carlos A. Mannucci,https://cdn.sofifa.net/teams/114619/30.png,90000,500,910,Right,1.0,2.0,1.0,Medium/ Medium,Lean (185+),GK,,189,78,194000,12.0
257914,J. Kersken,21,https://cdn.sofifa.net/players/257/914/23_60.png,Germany,https://cdn.sofifa.net/flags/de.png,62,73,SV Meppen,https://cdn.sofifa.net/teams/110597/30.png,775000,2000,907,Right,1.0,3.0,1.0,Medium/ Medium,Normal (185+),GK,Borussia Mönchengladbach,190,88,0,29.0
254615,22 F. Tinaglini,22,https://cdn.sofifa.net/players/254/615/22_60.png,Uruguay,https://cdn.sofifa.net/flags/uy.png,60,68,Montevideo City Torque,https://cdn.sofifa.net/teams/113143/30.png,475000,500,902,Left,1.0,2.0,1.0,Medium/ Medium,Normal (185+),GK,,190,78,1100000,1.0
266282,K. Kahlina,29,https://cdn.sofifa.net/players/266/282/23_60.png,Croatia,https://cdn.sofifa.net/flags/hr.png,65,66,Charlotte FC,https://cdn.sofifa.net/teams/114640/30.png,550000,2000,902,Right,1.0,2.0,1.0,Medium/ Medium,Normal (185+),GK,,188,74,839000,1.0
269269,J. Golz,23,https://cdn.sofifa.net/players/269/269/23_60.png,Germany,https://cdn.sofifa.net/flags/de.png,63,68,Rot-Weiß Essen,https://cdn.sofifa.net/teams/526/30.png,575000,850,901,Right,1.0,3.0,1.0,Medium/ Medium,Normal (185+),GK,,187,80,877000,1.0
262251,K. Tobiasz,19,https://cdn.sofifa.net/players/262/251/23_60.png,Poland,https://cdn.sofifa.net/flags/pl.png,64,78,Legia Warszawa,https://cdn.sofifa.net/teams/1871/30.png,1200000,800,898,Right,1.0,2.0,1.0,Medium/ Medium,Lean (185+),GK,,191,80,2400000,1.0
260700,22 E. Corujo,21,https://cdn.sofifa.net/players/260/700/22_60.png,Uruguay,https://cdn.sofifa.net/flags/uy.png,58,66,Club Atlético Rentistas,https://cdn.sofifa.net/teams/115535/30.png,400000,500,898,Right,1.0,2.0,1.0,Medium/ Medium,Normal (185+),GK,,188,82,940000,28.0
261027,22 I. Lysgård,26,https://cdn.sofifa.net/players/261/027/22_60.png,Norway,https://cdn.sofifa.net/flags/no.png,59,63,Mjøndalen IF,https://cdn.sofifa.net/teams/112420/30.png,240000,600,896,Right,1.0,3.0,1.0,Medium/ Medium,Stocky (185+),GK,,191,91,318000,30.0
255429,21 L. Vaca,20,https://cdn.sofifa.net/players/255/429/21_60.png,Bolivia,https://cdn.sofifa.net/flags/bo.png,55,66,Club Deportivo Oriente Petrolero,https://cdn.sofifa.net/teams/110970/30.png,240000,500,896,Right,1.0,2.0,1.0,Medium/ Medium,Normal (170-185),GK,,180,75,564000,12.0
254939,21 S. Rivadeneyra,25,https://cdn.sofifa.net/players/254/939/21_60.png,Peru,https://cdn.sofifa.net/flags/pe.png,63,66,Club Alianza Lima,https://cdn.sofifa.net/teams/111010/30.png,500000,500,895,Right,1.0,2.0,1.0,Medium/ Medium,Normal (185+),GK,,190,86,1100000,24.0
269301,N. Kristof,22,https://cdn.sofifa.net/players/269/301/23_60.png,Austria,https://cdn.sofifa.net/flags/at.png,60,68,SV Elversberg,https://cdn.sofifa.net/teams/580/30.png,475000,500,893,Right,1.0,5.0,1.0,Medium/ Medium,Stocky (185+),GK,,187,85,784000,20.0
255976,O. Dovin,19,https://cdn.sofifa.net/players/255/976/23_60.png,Sweden,https://cdn.sofifa.net/flags/se.png,64,77,Hammarby IF,https://cdn.sofifa.net/teams/708/30.png,1200000,550,892,Right,1.0,2.0,1.0,Medium/ Medium,Normal (185+),GK,,187,75,2300000,24.0
248586,22 O. Hindrich,18,https://cdn.sofifa.net/players/248/586/22_60.png,Romania,https://cdn.sofifa.net/flags/ro.png,61,78,CFR Cluj,https://cdn.sofifa.net/teams/110816/30.png,725000,500,891,Right,1.0,2.0,1.0,Medium/ Medium,Lean (185+),GK,,193,76,1500000,89.0
266382,R. Celentano,21,https://cdn.sofifa.net/players/266/382/23_60.png,United States,https://cdn.sofifa.net/flags/us.png,65,77,FC Cincinnati,https://cdn.sofifa.net/teams/113149/30.png,1500000,1000,891,Right,1.0,2.0,1.0,Medium/ Medium,Normal (185+),GK,,192,80,2500000,18.0
261814,21 A. Sünger,20,https://cdn.sofifa.net/players/261/814/21_60.png,Turkey,https://cdn.sofifa.net/flags/tr.png,57,65,Denizlispor,https://cdn.sofifa.net/teams/1457/30.png,300000,2000,888,Left,1.0,2.0,1.0,Medium/ Medium,Lean (185+),GK,,188,76,645000,99.0
264646,M. Weier,25,https://cdn.sofifa.net/players/264/646/23_60.png,Australia,https://cdn.sofifa.net/flags/au.png,57,62,Newcastle Jets,https://cdn.sofifa.net/teams/111398/30.png,190000,500,884,Right,1.0,2.0,1.0,Medium/ Medium,Normal (185+),GK,,198,85,252000,20.0
269536,Zhao Bo,28,https://cdn.sofifa.net/players/269/536/23_60.png,China PR,https://cdn.sofifa.net/flags/cn.png,60,62,Zhejiang Professional FC,https://cdn.sofifa.net/teams/112163/30.png,210000,1000,883,Right,1.0,2.0,1.0,Medium/ Medium,Lean (185+),GK,,188,71,341000,33.0
269271,F. Stanković,20,https://cdn.sofifa.net/players/269/271/23_60.png,Serbia,https://cdn.sofifa.net/flags/rs.png,66,77,FC Volendam,https://cdn.sofifa.net/teams/645/30.png,1600000,7000,883,Right,1.0,3.0,1.0,Medium/ Medium,Normal (185+),GK,Inter,187,72,0,1.0
261961,22 Guo Jiawei,20,https://cdn.sofifa.net/players/261/961/22_60.png,China PR,https://cdn.sofifa.net/flags/cn.png,49,56,Wuhan FC,https://cdn.sofifa.net/teams/112541/30.png,80000,800,881,Right,1.0,3.0,1.0,Medium/ Medium,Normal (185+),GK,,192,90,140000,35.0
269406,A. Gorcea,20,https://cdn.sofifa.net/players/269/406/23_60.png,Romania,https://cdn.sofifa.net/flags/ro.png,57,70,Universitatea Cluj,https://cdn.sofifa.net/teams/110751/30.png,350000,550,881,Right,1.0,1.0,1.0,Medium/ Medium,Lean (185+),GK,,185,75,691000,33.0
260822,E. Bördner,20,https://cdn.sofifa.net/players/260/822/23_60.png,Germany,https://cdn.sofifa.net/flags/de.png,60,72,Viktoria Köln,https://cdn.sofifa.net/teams/110645/30.png,525000,550,874,Right,1.0,3.0,1.0,Medium/ Medium,Normal (185+),GK,,188,92,866000,25.0
261375,L. Bergström,19,https://cdn.sofifa.net/players/261/375/23_60.png,Finland,https://cdn.sofifa.net/flags/fi.png,56,75,Peterborough United,https://cdn.sofifa.net/teams/1938/30.png,325000,4000,874,Right,1.0,2.0,1.0,Medium/ Medium,Lean (185+),GK,Chelsea,200,84,0,1.0
184948,09 Gatti,23,https://cdn.sofifa.net/players/184/948/09_60.png,Brazil,https://cdn.sofifa.net/flags/br.png,63,68,Juventude,https://cdn.sofifa.net/teams/111041/30.png,0,0,872,Right,1.0,3.0,1.0,N/A/ N/A,Normal (170-185),GK,,185,80,0,1.0
254085,22 F. Casanova,24,https://cdn.sofifa.net/players/254/085/22_60.png,Uruguay,https://cdn.sofifa.net/flags/uy.png,62,67,Centro Atlético Fénix,https://cdn.sofifa.net/teams/111002/30.png,475000,500,871,Left,1.0,2.0,1.0,Medium/ Medium,Lean (185+),GK,,193,78,1100000,1.0
260735,22 J. Semidey,27,https://cdn.sofifa.net/players/260/735/22_60.png,Venezuela,https://cdn.sofifa.net/flags/ve.png,61,63,Aragua Fútbol Club,https://cdn.sofifa.net/teams/112916/30.png,300000,500,865,Right,1.0,3.0,1.0,Medium/ Medium,Normal (185+),GK,,192,86,668000,22.0
255664,21 W. Jimenéz,30,https://cdn.sofifa.net/players/255/664/21_60.png,Venezuela,https://cdn.sofifa.net/flags/ve.png,53,53,Llaneros de Guanare Escuela de Fútbol,https://cdn.sofifa.net/teams/114623/30.png,60000,500,863,Left,1.0,1.0,1.0,Medium/ Medium,Normal (170-185),GK,,182,82,129000,12.0
254962,D. Callender,24,https://cdn.sofifa.net/players/254/962/23_60.png,United States,https://cdn.sofifa.net/flags/us.png,59,67,Inter Miami CF,https://cdn.sofifa.net/teams/112893/30.png,425000,850,862,Right,1.0,1.0,1.0,Medium/ Medium,Normal (185+),GK,,188,88,723000,27.0
247176,L. McNicholas,22,https://cdn.sofifa.net/players/247/176/23_60.png,Republic of Ireland,https://cdn.sofifa.net/flags/ie.png,52,61,Sligo Rovers,https://cdn.sofifa.net/teams/563/30.png,160000,500,858,Right,1.0,2.0,1.0,Medium/ Medium,Lean (185+),GK,,191,81,280000,16.0
255800,21 L. Chalá,22,https://cdn.sofifa.net/players/255/800/21_60.png,Ecuador,https://cdn.sofifa.net/flags/ec.png,57,63,Club Deportivo El Nacional,https://cdn.sofifa.net/teams/111331/30.png,210000,500,856,Right,1.0,3.0,1.0,Medium/ Medium,Normal (185+),GK,,188,70,494000,22.0
261707,21 Tan Zemin,27,https://cdn.sofifa.net/players/261/707/21_60.png,China PR,https://cdn.sofifa.net/flags/cn.png,59,61,Jiangsu FC,https://cdn.sofifa.net/teams/112162/30.png,210000,2000,852,Left,1.0,3.0,1.0,Medium/ Medium,Stocky (185+),GK,,193,86,341000,1.0
259732,M. Michu,28,https://cdn.sofifa.net/players/259/732/23_60.png,India,https://cdn.sofifa.net/flags/in.png,54,56,NorthEast United FC,https://cdn.sofifa.net/teams/113040/30.png,90000,500,845,Right,1.0,2.0,1.0,Medium/ Medium,Lean (170-185),GK,,177,75,128000,32.0
269521,Hou Yu,31,https://cdn.sofifa.net/players/269/521/23_60.png,China PR,https://cdn.sofifa.net/flags/cn.png,60,60,Meizhou Hakka,https://cdn.sofifa.net/teams/114628/30.png,130000,1000,841,Right,1.0,3.0,1.0,Medium/ Medium,Normal (185+),GK,,192,80,202000,22.0
269732,R. Ríos Novo,20,https://cdn.sofifa.net/players/269/732/23_60.png,Argentina,https://cdn.sofifa.net/flags/ar.png,58,69,Atlanta United,https://cdn.sofifa.net/teams/112885/30.png,375000,650,832,Right,1.0,2.0,1.0,Medium/ Medium,Lean (170-185),GK,,178,70,638000,34.0
267855,22 S. Bumbar,16,https://cdn.sofifa.net/players/267/855/22_60.png,Romania,https://cdn.sofifa.net/flags/ro.png,50,73,Gaz Metan Mediaş,https://cdn.sofifa.net/teams/112637/30.png,130000,500,813,Right,1.0,2.0,1.0,Medium/ Medium,Normal (170-185),GK,,176,72,306000,1.0
